"idMetricas";"dht11_umidade";"dht11_temperatura";"luminosidade";"lm35_temperatura";"chave"
1;43.0;27.9;85.0;29.28;0
2;43.0;27.9;85.0;29.77;0
3;43.0;27.9;75.0;29.77;0
4;51.0;24.8;780.0;33.67;0
5;51.0;24.8;785.0;34.16;0
6;51.0;24.8;753.0;32.7;0
7;51.0;24.8;756.0;32.21;0
8;51.0;24.8;783.0;32.7;0
9;51.0;24.8;748.0;30.74;0
10;51.0;24.8;785.0;31.72;0
11;51.0;24.8;744.0;32.21;0
12;51.0;24.8;787.0;34.16;0
13;51.0;24.8;741.0;32.7;0
14;51.0;24.8;787.0;33.67;0
15;51.0;24.8;740.0;30.74;0
16;51.0;24.8;787.0;33.18;0
17;51.0;24.8;741.0;30.74;0
18;51.0;24.8;784.0;29.77;0
19;51.0;24.8;743.0;31.72;0
20;51.0;24.8;782.0;30.26;0
21;51.0;24.8;747.0;33.18;0
22;51.0;24.8;778.0;33.18;0
23;51.0;24.8;751.0;34.16;0
24;51.0;24.8;773.0;31.23;0
25;51.0;24.8;756.0;33.67;0
26;51.0;24.8;768.0;31.23;0
27;51.0;24.8;762.0;31.72;0
28;51.0;24.8;764.0;32.21;0
29;51.0;24.8;767.0;32.7;0
30;51.0;24.8;758.0;31.72;0
31;51.0;24.8;771.0;32.21;0
32;51.0;24.8;752.0;30.26;0
33;51.0;24.8;776.0;31.72;0
34;51.0;24.8;747.0;31.72;0
35;51.0;24.8;778.0;31.72;0
36;51.0;24.8;741.0;30.26;0
37;51.0;24.8;780.0;33.67;0
38;51.0;24.8;737.0;31.23;0
39;51.0;24.8;781.0;31.23;0
40;51.0;24.8;734.0;32.21;0
41;51.0;24.8;780.0;31.23;0
42;51.0;24.8;733.0;32.7;0
43;51.0;24.8;779.0;34.16;0
44;51.0;24.8;733.0;32.21;0
45;51.0;24.8;777.0;33.67;0
46;51.0;24.8;736.0;31.72;0
47;51.0;24.8;774.0;30.74;0
48;51.0;24.8;740.0;32.21;0
49;51.0;24.8;770.0;31.72;0
50;51.0;24.8;743.0;32.21;0
51;51.0;24.8;763.0;32.21;0
52;51.0;24.8;750.0;33.18;0
53;51.0;24.8;762.0;30.26;0
54;51.0;24.8;759.0;33.67;0
55;51.0;24.8;758.0;30.26;0
56;51.0;24.8;764.0;33.18;0
57;51.0;24.8;752.0;32.7;0
58;51.0;24.8;769.0;34.65;0
59;51.0;24.8;747.0;30.74;0
60;51.0;24.8;773.0;34.16;0
61;51.0;24.8;743.0;31.72;0
62;51.0;24.8;777.0;31.72;0
63;51.0;24.8;739.0;32.21;0
64;51.0;24.8;779.0;31.72;0
65;51.0;24.8;735.0;29.77;0
66;51.0;24.8;780.0;33.18;0
67;51.0;24.8;733.0;30.74;0
68;51.0;24.8;780.0;31.72;0
69;51.0;24.8;733.0;31.23;0
70;51.0;24.8;779.0;31.23;0
71;51.0;24.8;734.0;33.67;0
72;51.0;24.8;778.0;32.7;0
73;51.0;24.8;737.0;31.72;0
74;51.0;24.8;774.0;33.67;0
75;50.0;24.9;780.0;33.67;0
76;50.0;24.9;777.0;20.98;0
77;50.0;24.9;737.0;21.47;0
78;50.0;24.9;780.0;20.01;0
79;50.0;24.9;734.0;20.5;0
80;50.0;24.9;780.0;20.01;0
81;50.0;24.9;734.0;20.5;0
82;50.0;24.9;780.0;20.01;0
83;50.0;24.9;734.0;20.5;0
84;50.0;24.9;779.0;46.85;0
85;50.0;24.9;736.0;20.5;0
86;50.0;24.9;777.0;20.5;0
87;50.0;24.9;740.0;20.5;0
88;50.0;24.9;773.0;20.5;0
89;50.0;24.9;746.0;20.5;0
90;50.0;24.9;770.0;20.5;0
91;50.0;24.9;752.0;20.5;0
92;50.0;24.9;765.0;21.47;0
93;50.0;24.9;758.0;20.5;0
94;50.0;24.9;759.0;21.47;0
95;50.0;24.9;763.0;20.5;0
96;50.0;24.9;754.0;20.98;0
97;50.0;24.9;768.0;20.01;0
98;50.0;24.9;749.0;20.5;0
99;50.0;24.9;772.0;20.98;0
100;50.0;24.9;744.0;46.36;0
101;50.0;24.9;776.0;20.5;0
102;50.0;24.9;740.0;20.01;0
103;50.0;24.9;779.0;20.01;0
104;50.0;24.9;737.0;20.98;0
105;50.0;24.9;781.0;20.5;0
106;50.0;24.9;734.0;20.5;0
107;50.0;24.9;781.0;20.5;0
108;50.0;24.9;734.0;20.5;0
109;50.0;24.9;781.0;19.52;0
110;50.0;24.9;736.0;20.98;0
111;50.0;24.9;778.0;20.5;0
112;50.0;24.9;736.0;20.98;0
113;50.0;24.9;772.0;19.52;0
114;50.0;24.9;740.0;20.5;0
115;50.0;24.9;773.0;20.5;0
116;50.0;24.9;749.0;47.34;0
117;50.0;24.9;769.0;19.52;0
118;50.0;24.9;755.0;20.01;0
119;50.0;24.9;765.0;21.47;0
120;50.0;24.9;762.0;20.5;0
121;50.0;24.9;761.0;20.5;0
122;50.0;24.9;767.0;20.5;0
123;50.0;24.9;755.0;20.01;0
124;50.0;24.9;772.0;20.01;0
125;50.0;24.9;750.0;20.5;0
126;50.0;24.9;776.0;20.01;0
127;50.0;24.9;746.0;20.5;0
128;50.0;24.9;780.0;20.5;0
129;50.0;24.9;741.0;20.98;0
130;50.0;24.9;782.0;20.01;0
131;50.0;24.9;738.0;20.01;0
132;50.0;24.9;783.0;47.82;0
133;50.0;24.9;736.0;20.98;0
134;50.0;24.9;783.0;20.98;0
135;50.0;24.9;736.0;20.5;0
136;50.0;24.9;782.0;20.01;0
137;50.0;24.9;738.0;20.98;0
138;50.0;24.9;780.0;20.01;0
139;50.0;24.9;740.0;20.5;0
140;50.0;24.9;776.0;20.98;0
141;50.0;24.9;744.0;20.5;0
142;50.0;24.9;770.0;21.47;0
143;50.0;24.9;749.0;20.5;0
144;49.0;24.9;736.0;30.26;0
145;49.0;24.9;731.0;20.98;0
146;49.0;24.9;777.0;20.5;0
147;49.0;24.9;729.0;21.47;0
148;49.0;24.9;774.0;20.5;0
149;49.0;24.9;725.0;20.5;0
150;49.0;24.9;763.0;20.98;0
151;49.0;24.9;719.0;20.5;0
152;49.0;24.9;756.0;20.01;0
153;49.0;24.9;725.0;20.5;0
154;49.0;24.9;756.0;21.96;0
155;49.0;24.9;735.0;20.98;0
156;49.0;24.9;756.0;21.47;0
157;49.0;24.9;745.0;20.01;0
158;49.0;24.9;755.0;20.5;0
159;49.0;24.9;754.0;20.01;0
160;49.0;24.9;751.0;20.5;0
161;49.0;24.9;761.0;20.5;0
162;49.0;24.9;748.0;20.5;0
163;49.0;24.9;769.0;20.5;0
164;49.0;24.9;746.0;20.5;0
165;49.0;24.9;775.0;20.98;0
166;49.0;24.9;743.0;20.5;0
167;49.0;24.9;780.0;20.98;0
168;49.0;24.9;741.0;20.5;0
169;49.0;24.9;782.0;19.52;0
170;49.0;24.9;738.0;20.98;0
171;49.0;24.9;783.0;20.01;0
172;49.0;24.9;736.0;20.98;0
173;49.0;24.9;782.0;19.52;0
174;49.0;24.9;736.0;20.98;0
175;49.0;24.9;781.0;20.01;0
176;49.0;24.9;737.0;20.5;0
177;49.0;24.9;778.0;20.98;0
178;49.0;24.9;740.0;20.5;0
179;49.0;24.9;776.0;20.5;0
180;49.0;24.9;747.0;20.5;0
181;49.0;24.9;771.0;20.98;0
182;49.0;24.9;752.0;20.01;0
183;49.0;24.9;767.0;20.5;0
184;49.0;24.9;758.0;20.98;0
185;49.0;24.9;762.0;20.01;0
186;49.0;24.9;764.0;20.01;0
187;49.0;24.9;759.0;20.01;0
188;49.0;24.9;770.0;20.01;0
189;49.0;24.9;753.0;20.5;0
190;49.0;24.9;774.0;20.98;0
191;49.0;24.9;747.0;20.5;0
192;49.0;24.9;779.0;20.5;0
193;49.0;24.9;743.0;20.5;0
194;49.0;24.9;782.0;20.01;0
195;49.0;24.9;740.0;20.5;0
196;49.0;24.9;783.0;20.98;0
197;49.0;24.9;737.0;21.47;0
198;49.0;24.9;784.0;20.01;0
199;49.0;24.9;737.0;20.98;0
200;49.0;24.9;784.0;20.5;0
201;49.0;24.9;737.0;20.01;0
202;49.0;24.9;781.0;19.52;0
203;49.0;24.9;739.0;20.98;0
204;49.0;24.9;776.0;20.01;0
205;49.0;24.9;740.0;20.98;0
206;49.0;24.9;768.0;20.98;0
207;49.0;24.9;743.0;20.01;0
208;49.0;24.9;763.0;20.98;0
209;49.0;24.9;747.0;20.98;0
210;49.0;24.9;756.0;21.96;0
211;49.0;24.9;752.0;20.5;0
212;49.0;24.9;748.0;20.98;0
213;49.0;24.9;757.0;32.7;0
214;49.0;24.9;767.0;40.5;0
215;49.0;24.9;720.0;38.06;0
216;49.0;24.9;753.0;40.02;0
217;49.0;24.9;706.0;38.55;0
218;49.0;24.9;733.0;37.09;0
219;49.0;24.9;698.0;39.04;0
220;49.0;24.9;713.0;38.55;0
221;49.0;24.9;691.0;38.06;0
222;49.0;24.9;697.0;37.58;0
223;49.0;24.9;686.0;38.06;0
224;49.0;24.9;678.0;37.09;0
225;49.0;24.9;680.0;36.11;0
226;49.0;24.9;662.0;23.42;0
227;49.0;24.9;672.0;35.14;0
228;49.0;24.9;639.0;33.18;0
229;49.0;24.9;659.0;37.58;0
230;49.0;24.9;613.0;33.67;0
231;49.0;24.9;643.0;33.18;0
232;49.0;24.9;590.0;33.18;0
233;49.0;24.9;628.0;32.21;0
234;49.0;24.9;569.0;29.77;0
235;49.0;24.9;615.0;33.67;0
236;49.0;24.9;553.0;31.23;0
237;49.0;24.9;604.0;33.67;0
238;49.0;24.9;547.0;29.77;0
239;49.0;24.9;598.0;33.18;0
240;49.0;24.9;546.0;30.74;0
241;49.0;24.9;594.0;31.23;0
242;49.0;24.9;549.0;20.98;0
243;49.0;24.9;587.0;30.74;0
244;49.0;24.9;552.0;32.21;0
245;49.0;24.9;583.0;31.23;0
246;49.0;24.9;559.0;32.21;0
247;49.0;24.9;577.0;31.23;0
248;49.0;24.9;564.0;31.23;0
249;49.0;24.9;569.0;28.79;0
250;49.0;24.9;572.0;32.21;0
251;49.0;24.9;562.0;27.82;0
252;49.0;24.9;578.0;32.7;0
253;49.0;24.9;556.0;30.74;0
254;49.0;24.9;583.0;31.72;0
255;49.0;24.9;553.0;29.77;0
256;49.0;24.9;588.0;32.21;0
257;49.0;24.9;547.0;29.28;0
258;49.0;24.9;590.0;22.45;0
259;49.0;24.9;543.0;28.79;0
260;49.0;24.9;593.0;32.21;0
261;49.0;24.9;541.0;29.77;0
262;49.0;24.9;593.0;30.74;0
263;49.0;24.9;537.0;28.79;0
264;49.0;24.9;592.0;32.21;0
265;49.0;24.9;540.0;31.23;0
266;49.0;24.9;590.0;30.74;0
267;49.0;24.9;542.0;30.74;0
268;49.0;24.9;587.0;31.23;0
269;49.0;24.9;546.0;32.21;0
270;49.0;24.9;583.0;32.21;0
271;49.0;24.9;553.0;33.18;0
272;49.0;24.9;579.0;31.23;0
273;49.0;24.9;559.0;30.26;0
274;49.0;24.9;572.0;20.98;0
275;49.0;24.9;568.0;31.23;0
276;49.0;24.9;568.0;29.28;0
277;49.0;24.9;573.0;31.23;0
278;49.0;24.9;560.0;28.79;0
279;49.0;24.9;579.0;33.67;0
280;49.0;24.9;556.0;28.79;0
281;49.0;24.9;585.0;33.18;0
282;50.0;24.9;572.0;20.01;0
283;50.0;24.9;552.0;39.53;0
284;50.0;24.9;581.0;40.5;0
285;50.0;24.9;556.0;40.02;0
286;50.0;24.9;576.0;37.09;0
287;50.0;24.9;565.0;38.55;0
288;50.0;24.9;573.0;37.09;0
289;50.0;24.9;578.0;40.99;0
290;50.0;24.9;582.0;38.55;0
291;50.0;24.9;606.0;42.46;0
292;50.0;24.9;600.0;40.02;0
293;50.0;24.9;636.0;41.48;0
294;50.0;24.9;617.0;41.97;0
295;50.0;24.9;661.0;43.92;0
296;50.0;24.9;633.0;41.48;0
297;50.0;24.9;683.0;42.46;0
298;50.0;24.9;650.0;43.43;0
299;50.0;24.9;716.0;44.9;0
300;50.0;24.9;692.0;43.92;0
301;50.0;24.9;768.0;47.34;0
302;50.0;24.9;736.0;46.36;0
303;50.0;24.9;788.0;45.87;0
304;50.0;24.9;743.0;46.36;0
305;50.0;24.9;788.0;47.34;0
306;50.0;24.9;744.0;46.85;0
307;50.0;24.9;786.0;47.34;0
308;50.0;24.9;748.0;47.34;0
309;50.0;24.9;783.0;47.82;0
310;50.0;24.9;754.0;47.34;0
311;50.0;24.9;779.0;47.34;0
312;50.0;24.9;759.0;48.31;0
313;50.0;24.9;775.0;47.82;0
314;50.0;24.9;766.0;47.34;0
315;50.0;24.9;771.0;48.31;0
316;50.0;24.9;770.0;48.31;0
317;50.0;24.9;766.0;45.87;0
318;50.0;24.9;776.0;47.82;0
319;50.0;24.9;761.0;45.87;0
320;50.0;24.9;780.0;48.31;0
321;50.0;24.9;756.0;46.85;0
322;50.0;24.9;784.0;46.85;0
323;50.0;24.9;751.0;45.87;0
324;50.0;24.9;787.0;46.85;0
325;50.0;24.9;747.0;45.87;0
326;50.0;24.9;789.0;47.34;0
327;50.0;24.9;745.0;45.87;0
328;50.0;24.9;789.0;45.38;0
329;50.0;24.9;743.0;46.85;0
330;50.0;24.9;789.0;47.82;0
331;50.0;24.9;744.0;46.85;0
332;50.0;24.9;787.0;46.36;0
333;50.0;24.9;745.0;46.85;0
334;50.0;24.9;785.0;46.36;0
335;50.0;24.9;749.0;46.85;0
336;50.0;24.9;782.0;46.85;0
337;50.0;24.9;753.0;46.36;0
338;50.0;24.9;777.0;48.31;0
339;50.0;24.9;755.0;48.31;0
340;50.0;24.9;768.0;45.38;0
341;50.0;24.9;758.0;47.82;0
342;50.0;24.9;761.0;45.87;0
343;50.0;24.9;763.0;47.34;0
344;50.0;24.9;757.0;44.41;0
345;50.0;24.9;768.0;46.85;0
346;50.0;24.9;751.0;46.85;0
347;50.0;24.9;776.0;47.82;0
348;50.0;24.9;750.0;45.87;0
349;50.0;24.9;781.0;48.31;0
350;50.0;24.9;748.0;46.36;0
351;58.0;25.0;760.0;21.96;0
352;58.0;25.0;776.0;49.78;0
353;58.0;25.0;761.0;49.78;0
354;58.0;25.0;771.0;49.29;0
355;58.0;25.0;768.0;48.8;0
356;58.0;25.0;767.0;49.78;0
357;58.0;25.0;771.0;48.31;0
358;58.0;25.0;758.0;48.8;0
359;58.0;25.0;773.0;48.31;0
360;58.0;25.0;751.0;49.29;0
361;58.0;25.0;777.0;48.8;0
362;58.0;25.0;746.0;48.8;0
363;58.0;25.0;779.0;48.31;0
364;58.0;25.0;742.0;48.8;0
365;58.0;25.0;783.0;48.8;0
366;58.0;25.0;739.0;49.78;0
367;58.0;25.0;784.0;48.8;0
368;58.0;25.0;738.0;48.8;0
369;58.0;25.0;785.0;49.29;0
370;58.0;25.0;739.0;49.29;0
371;58.0;25.0;785.0;49.29;0
372;58.0;25.0;742.0;49.78;0
373;58.0;25.0;786.0;48.8;0
374;58.0;25.0;746.0;48.8;0
375;58.0;25.0;783.0;48.31;0
376;58.0;25.0;751.0;49.29;0
377;58.0;25.0;779.0;48.31;0
378;58.0;25.0;756.0;47.82;0
379;58.0;25.0;774.0;49.29;0
380;58.0;25.0;761.0;48.8;0
381;58.0;25.0;769.0;48.8;0
382;58.0;25.0;764.0;48.8;0
383;58.0;25.0;757.0;49.78;0
384;58.0;25.0;759.0;48.8;0
385;58.0;25.0;746.0;49.29;0
386;58.0;25.0;768.0;49.29;0
387;58.0;25.0;750.0;49.29;0
388;58.0;25.0;779.0;49.29;0
389;58.0;25.0;750.0;49.29;0
390;58.0;25.0;784.0;48.8;0
391;58.0;25.0;748.0;49.29;0
392;58.0;25.0;787.0;48.31;0
393;58.0;25.0;742.0;49.29;0
394;58.0;25.0;785.0;49.29;0
395;58.0;25.0;737.0;49.29;0
396;58.0;25.0;782.0;49.78;0
397;58.0;25.0;734.0;49.78;1
398;58.0;25.0;778.0;48.8;1
399;58.0;25.0;731.0;49.78;1
400;58.0;25.0;769.0;49.78;1
401;58.0;25.0;727.0;49.29;1
402;58.0;25.0;763.0;49.29;1
403;58.0;25.0;731.0;49.29;1
404;58.0;25.0;760.0;49.29;1
405;58.0;25.0;739.0;49.29;1
406;58.0;25.0;758.0;48.8;1
407;58.0;25.0;746.0;49.78;1
408;58.0;25.0;754.0;49.29;1
409;58.0;25.0;752.0;49.29;1
410;58.0;25.0;750.0;49.29;1
411;58.0;25.0;760.0;49.78;1
412;58.0;25.0;748.0;49.78;1
413;58.0;25.0;766.0;49.29;1
414;58.0;25.0;742.0;49.29;1
415;58.0;25.0;770.0;49.29;1
416;58.0;25.0;739.0;49.29;1
417;58.0;25.0;774.0;49.29;1
418;58.0;25.0;734.0;49.29;1
419;58.0;25.0;775.0;49.78;1
420;61.0;25.0;769.0;21.96;1
421;61.0;25.0;752.0;49.78;0
422;61.0;25.0;756.0;49.29;0
423;61.0;25.0;759.0;49.78;0
424;61.0;25.0;754.0;49.29;0
425;61.0;25.0;765.0;49.29;0
426;61.0;25.0;750.0;49.29;0
427;61.0;25.0;772.0;48.31;0
428;61.0;25.0;747.0;49.29;0
429;61.0;25.0;778.0;49.29;0
430;61.0;25.0;745.0;49.78;0
431;61.0;25.0;782.0;47.82;0
432;61.0;25.0;742.0;49.29;0
433;61.0;25.0;785.0;49.29;0
434;61.0;25.0;740.0;49.29;0
435;61.0;25.0;786.0;49.78;0
436;61.0;25.0;739.0;49.78;0
437;61.0;25.0;785.0;48.8;0
438;61.0;25.0;739.0;49.78;0
439;61.0;25.0;784.0;48.8;0
440;61.0;25.0;741.0;49.29;0
441;61.0;25.0;782.0;49.29;0
442;61.0;25.0;745.0;49.29;0
443;61.0;25.0;778.0;48.8;0
444;61.0;25.0;750.0;49.78;0
445;61.0;25.0;775.0;49.29;0
446;61.0;25.0;755.0;48.8;0
447;61.0;25.0;770.0;48.8;0
448;61.0;25.0;761.0;49.29;0
449;61.0;25.0;766.0;49.29;0
450;61.0;25.0;767.0;49.29;0
451;61.0;25.0;760.0;49.29;0
452;61.0;25.0;772.0;49.29;0
453;61.0;25.0;756.0;49.29;0
454;61.0;25.0;776.0;49.29;0
455;61.0;25.0;750.0;49.78;0
456;61.0;25.0;780.0;49.78;0
457;61.0;25.0;746.0;49.29;0
458;61.0;25.0;783.0;49.78;0
459;61.0;25.0;743.0;49.29;0
460;61.0;25.0;785.0;49.29;0
461;61.0;25.0;740.0;49.29;0
462;61.0;25.0;785.0;49.29;0
463;61.0;25.0;739.0;49.78;0
464;61.0;25.0;785.0;48.8;0
465;61.0;25.0;740.0;50.26;0
466;61.0;25.0;784.0;48.8;0
467;61.0;25.0;741.0;49.29;0
468;61.0;25.0;781.0;49.29;0
469;61.0;25.0;745.0;49.29;0
470;61.0;25.0;778.0;49.78;0
471;61.0;25.0;750.0;49.78;0
472;61.0;25.0;774.0;48.8;0
473;61.0;25.0;755.0;49.29;0
474;61.0;25.0;770.0;50.26;0
475;61.0;25.0;761.0;48.8;0
476;61.0;25.0;766.0;49.29;0
477;61.0;25.0;767.0;49.78;0
478;61.0;25.0;761.0;49.29;0
479;61.0;25.0;772.0;49.29;0
480;61.0;25.0;755.0;49.29;0
481;61.0;25.0;776.0;48.31;0
482;61.0;25.0;750.0;49.29;0
483;61.0;25.0;780.0;49.29;0
484;61.0;25.0;745.0;49.29;0
485;61.0;25.0;783.0;48.8;0
486;61.0;25.0;742.0;49.78;0
487;61.0;25.0;784.0;49.78;0
488;61.0;25.0;740.0;49.78;0
489;57.0;25.0;746.0;31.72;0
490;57.0;25.0;762.0;31.72;0
491;57.0;25.0;769.0;32.7;0
492;57.0;25.0;757.0;30.26;0
493;57.0;25.0;774.0;32.7;0
494;57.0;25.0;752.0;31.72;0
495;57.0;25.0;779.0;34.16;0
496;57.0;25.0;748.0;30.74;0
497;57.0;25.0;782.0;34.65;0
498;57.0;25.0;743.0;31.72;0
499;57.0;25.0;784.0;34.65;0
500;57.0;25.0;740.0;31.23;0
501;57.0;25.0;784.0;31.72;0
502;57.0;25.0;737.0;31.23;0
503;57.0;25.0;784.0;31.23;0
504;57.0;25.0;738.0;31.72;0
505;57.0;25.0;783.0;31.23;0
506;57.0;25.0;739.0;33.18;0
507;57.0;25.0;782.0;34.16;0
508;57.0;25.0;742.0;33.67;0
509;57.0;25.0;779.0;33.18;0
510;57.0;25.0;747.0;34.65;0
511;57.0;25.0;775.0;33.67;0
512;57.0;25.0;753.0;33.18;0
513;57.0;25.0;772.0;33.18;0
514;57.0;25.0;759.0;31.72;0
515;57.0;25.0;766.0;30.26;0
516;57.0;25.0;765.0;32.7;0
517;57.0;25.0;762.0;31.23;0
518;57.0;25.0;769.0;31.72;0
519;57.0;25.0;756.0;32.21;0
520;57.0;25.0;774.0;32.21;0
521;57.0;25.0;750.0;32.21;0
522;57.0;25.0;778.0;35.14;0
523;57.0;25.0;746.0;32.21;0
524;57.0;25.0;781.0;32.7;0
525;57.0;25.0;743.0;30.74;0
526;57.0;25.0;783.0;33.18;0
527;57.0;25.0;740.0;32.21;0
528;57.0;25.0;785.0;31.72;0
529;57.0;25.0;738.0;31.23;0
530;57.0;25.0;785.0;34.16;0
531;57.0;25.0;738.0;31.72;0
532;57.0;25.0;784.0;34.16;0
533;57.0;25.0;740.0;32.21;0
534;57.0;25.0;783.0;34.16;0
535;57.0;25.0;742.0;32.21;0
536;57.0;25.0;779.0;33.67;0
537;57.0;25.0;747.0;32.21;0
538;57.0;25.0;774.0;32.21;0
539;57.0;25.0;753.0;32.21;0
540;57.0;25.0;770.0;31.23;0
541;57.0;25.0;759.0;34.16;0
542;57.0;25.0;767.0;33.18;0
543;57.0;25.0;765.0;32.7;0
544;57.0;25.0;762.0;32.7;0
545;57.0;25.0;770.0;34.16;0
546;57.0;25.0;757.0;30.74;0
547;57.0;25.0;774.0;34.16;0
548;57.0;25.0;752.0;32.21;0
549;57.0;25.0;778.0;31.72;0
550;57.0;25.0;746.0;32.21;0
551;57.0;25.0;782.0;32.21;0
552;57.0;25.0;743.0;32.7;0
553;57.0;25.0;784.0;33.67;0
554;57.0;25.0;741.0;32.7;0
555;57.0;25.0;785.0;33.67;0
556;57.0;25.0;738.0;32.21;0
557;57.0;25.0;785.0;32.7;0
558;53.0;25.0;784.0;33.67;0
559;53.0;25.0;772.0;41.48;0
560;53.0;25.0;755.0;40.5;0
561;53.0;25.0;777.0;43.43;0
562;53.0;25.0;749.0;40.99;0
563;53.0;25.0;780.0;41.97;0
564;53.0;25.0;745.0;40.02;0
565;53.0;25.0;783.0;41.48;0
566;53.0;25.0;742.0;38.55;0
567;53.0;25.0;784.0;43.43;0
568;53.0;25.0;739.0;40.99;0
569;53.0;25.0;784.0;42.46;0
570;53.0;25.0;738.0;39.53;0
571;53.0;25.0;785.0;39.04;0
572;53.0;25.0;740.0;40.5;0
573;53.0;25.0;784.0;42.46;0
574;53.0;25.0;742.0;40.99;0
575;53.0;25.0;783.0;39.53;0
576;53.0;25.0;747.0;42.46;0
577;53.0;25.0;780.0;41.48;0
578;53.0;25.0;744.0;40.02;0
579;53.0;25.0;762.0;41.48;0
580;53.0;25.0;746.0;40.02;0
581;53.0;25.0;761.0;38.06;0
582;53.0;25.0;758.0;42.46;0
583;53.0;25.0;763.0;40.5;0
584;53.0;25.0;768.0;40.02;0
585;53.0;25.0;760.0;40.5;0
586;53.0;25.0;773.0;41.97;0
587;53.0;25.0;755.0;40.5;0
588;53.0;25.0;778.0;40.02;0
589;53.0;25.0;752.0;38.55;0
590;53.0;25.0;781.0;42.46;0
591;53.0;25.0;746.0;38.06;0
592;53.0;25.0;784.0;41.97;0
593;53.0;25.0;743.0;40.02;0
594;53.0;25.0;786.0;42.94;0
595;53.0;25.0;740.0;39.53;0
596;53.0;25.0;786.0;42.46;0
597;53.0;25.0;740.0;40.02;0
598;53.0;25.0;786.0;42.46;0
599;53.0;25.0;741.0;41.48;0
600;53.0;25.0;784.0;41.97;0
601;53.0;25.0;743.0;40.99;0
602;53.0;25.0;781.0;41.48;0
603;53.0;25.0;746.0;41.48;0
604;53.0;25.0;777.0;38.55;0
605;53.0;25.0;749.0;41.48;0
606;53.0;25.0;772.0;40.02;0
607;53.0;25.0;756.0;42.46;0
608;53.0;25.0;768.0;39.04;0
609;53.0;25.0;761.0;40.5;0
610;53.0;25.0;764.0;39.04;0
611;53.0;25.0;766.0;40.99;0
612;53.0;25.0;759.0;41.48;0
613;53.0;25.0;772.0;39.04;0
614;53.0;25.0;754.0;40.99;0
615;53.0;25.0;775.0;42.46;0
616;53.0;25.0;746.0;39.04;0
617;53.0;25.0;779.0;39.53;0
618;53.0;25.0;743.0;38.06;0
619;53.0;25.0;781.0;42.94;0
620;53.0;25.0;740.0;39.04;0
621;53.0;25.0;781.0;42.46;0
622;53.0;25.0;735.0;37.58;0
623;53.0;25.0;782.0;41.48;0
624;53.0;25.0;734.0;40.02;0
625;53.0;25.0;781.0;40.5;0
626;53.0;25.0;735.0;39.04;0
627;51.0;25.0;735.0;32.7;0
628;51.0;25.0;746.0;21.96;0
629;51.0;25.0;775.0;21.47;0
630;51.0;25.0;742.0;21.47;0
631;51.0;25.0;778.0;21.96;0
632;51.0;25.0;738.0;20.5;0
633;51.0;25.0;779.0;21.96;0
634;51.0;25.0;734.0;20.98;0
635;51.0;25.0;780.0;20.98;0
636;51.0;25.0;733.0;21.47;0
637;51.0;25.0;780.0;21.47;0
638;51.0;25.0;733.0;21.47;0
639;51.0;25.0;779.0;20.98;0
640;51.0;25.0;736.0;20.98;0
641;51.0;25.0;778.0;21.96;0
642;51.0;25.0;742.0;21.96;0
643;51.0;25.0;777.0;20.5;0
644;51.0;25.0;749.0;21.96;0
645;51.0;25.0;776.0;22.45;0
646;51.0;25.0;758.0;22.45;0
647;51.0;25.0;774.0;21.96;0
648;51.0;25.0;764.0;21.96;0
649;51.0;25.0;767.0;21.47;0
650;51.0;25.0;756.0;21.96;0
651;51.0;25.0;752.0;20.98;0
652;51.0;25.0;762.0;22.45;0
653;51.0;25.0;722.0;20.5;0
654;51.0;25.0;681.0;20.98;0
655;51.0;25.0;749.0;21.96;0
656;51.0;25.0;786.0;22.94;0
657;51.0;25.0;752.0;20.98;0
658;51.0;25.0;787.0;21.96;0
659;51.0;25.0;740.0;21.47;0
660;51.0;25.0;781.0;22.45;0
661;51.0;25.0;738.0;21.47;0
662;51.0;25.0;785.0;22.45;0
663;51.0;25.0;740.0;21.96;0
664;51.0;25.0;788.0;20.98;0
665;51.0;25.0;744.0;21.96;0
666;51.0;25.0;788.0;21.47;0
667;51.0;25.0;746.0;21.47;0
668;51.0;25.0;786.0;22.45;0
669;51.0;25.0;750.0;22.45;0
670;51.0;25.0;782.0;22.45;0
671;51.0;25.0;755.0;22.94;0
672;51.0;25.0;780.0;21.96;0
673;51.0;25.0;761.0;21.47;0
674;51.0;25.0;775.0;21.47;0
675;51.0;25.0;767.0;21.47;0
676;51.0;25.0;771.0;20.5;0
677;51.0;25.0;773.0;21.47;0
678;51.0;25.0;766.0;21.47;0
679;51.0;25.0;778.0;21.96;0
680;51.0;25.0;761.0;21.47;0
681;51.0;25.0;782.0;21.47;0
682;51.0;25.0;756.0;20.5;0
683;51.0;25.0;786.0;22.94;0
684;51.0;25.0;752.0;21.47;0
685;51.0;25.0;788.0;22.94;0
686;51.0;25.0;748.0;21.47;0
687;51.0;25.0;790.0;21.47;0
688;51.0;25.0;745.0;21.96;0
689;51.0;25.0;789.0;22.94;0
690;51.0;25.0;743.0;21.47;0
691;51.0;25.0;789.0;21.47;0
692;51.0;25.0;744.0;21.47;0
693;51.0;25.0;787.0;22.45;0
694;51.0;25.0;746.0;21.47;0
695;51.0;25.0;785.0;22.94;0
696;50.0;25.1;789.0;34.65;0
697;50.0;25.1;786.0;49.29;0
698;50.0;25.1;748.0;49.78;0
699;50.0;25.1;788.0;50.75;0
700;50.0;25.1;744.0;49.29;0
701;50.0;25.1;789.0;49.78;0
702;50.0;25.1;743.0;49.29;0
703;50.0;25.1;789.0;49.78;0
704;50.0;25.1;744.0;49.78;0
705;50.0;25.1;788.0;48.8;0
706;50.0;25.1;745.0;49.29;0
707;50.0;25.1;786.0;49.78;0
708;50.0;25.1;749.0;49.29;0
709;50.0;25.1;783.0;50.26;0
710;50.0;25.1;753.0;49.78;0
711;50.0;25.1;779.0;49.29;0
712;50.0;25.1;759.0;48.8;0
713;50.0;25.1;776.0;49.29;0
714;50.0;25.1;766.0;49.29;0
715;50.0;25.1;770.0;49.29;0
716;50.0;25.1;771.0;48.8;0
717;50.0;25.1;766.0;49.78;0
718;50.0;25.1;775.0;49.29;0
719;50.0;25.1;760.0;49.29;0
720;50.0;25.1;780.0;49.78;0
721;50.0;25.1;755.0;49.78;0
722;50.0;25.1;784.0;49.29;0
723;50.0;25.1;750.0;50.26;0
724;50.0;25.1;787.0;48.8;0
725;50.0;25.1;747.0;49.29;0
726;50.0;25.1;789.0;49.78;0
727;50.0;25.1;744.0;50.26;0
728;50.0;25.1;789.0;49.78;0
729;50.0;25.1;743.0;49.78;0
730;50.0;25.1;789.0;49.78;0
731;50.0;25.1;744.0;49.29;0
732;50.0;25.1;787.0;49.78;0
733;50.0;25.1;745.0;49.78;0
734;50.0;25.1;785.0;49.29;0
735;50.0;25.1;749.0;49.78;0
736;50.0;25.1;782.0;49.29;0
737;50.0;25.1;756.0;49.78;0
738;50.0;25.1;778.0;49.78;0
739;50.0;25.1;760.0;49.78;0
740;50.0;25.1;774.0;49.29;0
741;50.0;25.1;766.0;49.29;0
742;50.0;25.1;769.0;49.29;0
743;50.0;25.1;772.0;49.78;0
744;50.0;25.1;765.0;49.29;0
745;50.0;25.1;777.0;49.78;0
746;50.0;25.1;760.0;49.78;0
747;50.0;25.1;781.0;49.78;0
748;50.0;25.1;754.0;49.78;0
749;50.0;25.1;784.0;48.8;0
750;50.0;25.1;750.0;49.29;0
751;50.0;25.1;787.0;48.31;0
752;50.0;25.1;747.0;49.78;0
753;50.0;25.1;789.0;49.78;0
754;50.0;25.1;744.0;50.26;0
755;50.0;25.1;790.0;49.29;0
756;50.0;25.1;744.0;49.29;0
757;50.0;25.1;789.0;49.29;0
758;50.0;25.1;744.0;49.29;0
759;50.0;25.1;787.0;49.29;0
760;50.0;25.1;747.0;49.78;0
761;50.0;25.1;785.0;49.29;0
762;50.0;25.1;751.0;49.29;0
763;50.0;25.1;781.0;49.78;0
764;50.0;25.1;755.0;49.78;0
765;51.0;25.1;746.0;21.47;0
766;51.0;25.1;745.0;50.75;0
767;51.0;25.1;789.0;49.78;0
768;51.0;25.1;745.0;49.78;0
769;51.0;25.1;790.0;49.78;0
770;51.0;25.1;744.0;49.29;0
771;51.0;25.1;788.0;48.8;0
772;51.0;25.1;744.0;49.29;0
773;51.0;25.1;787.0;48.8;0
774;51.0;25.1;748.0;49.29;0
775;51.0;25.1;783.0;49.78;0
776;51.0;25.1;752.0;49.78;0
777;51.0;25.1;780.0;49.29;0
778;51.0;25.1;758.0;49.29;0
779;51.0;25.1;776.0;49.29;0
780;51.0;25.1;764.0;49.29;0
781;51.0;25.1;772.0;49.78;0
782;51.0;25.1;769.0;49.78;0
783;51.0;25.1;766.0;49.29;0
784;51.0;25.1;775.0;50.26;0
785;51.0;25.1;760.0;49.78;0
786;51.0;25.1;780.0;49.78;0
787;51.0;25.1;755.0;49.78;0
788;51.0;25.1;783.0;49.78;0
789;51.0;25.1;752.0;49.78;0
790;51.0;25.1;786.0;48.8;0
791;51.0;25.1;747.0;49.78;0
792;51.0;25.1;788.0;48.8;0
793;51.0;25.1;745.0;49.78;0
794;51.0;25.1;789.0;48.8;0
795;51.0;25.1;743.0;49.78;0
796;51.0;25.1;789.0;49.78;0
797;51.0;25.1;744.0;49.78;0
798;51.0;25.1;787.0;49.78;0
799;51.0;25.1;746.0;49.78;0
800;51.0;25.1;785.0;49.78;0
801;51.0;25.1;749.0;49.78;0
802;51.0;25.1;782.0;49.78;0
803;51.0;25.1;752.0;49.78;0
804;51.0;25.1;777.0;49.29;0
805;51.0;25.1;759.0;49.29;0
806;51.0;25.1;773.0;49.78;0
807;51.0;25.1;763.0;50.26;0
808;51.0;25.1;767.0;49.78;0
809;51.0;25.1;769.0;49.29;0
810;51.0;25.1;708.0;49.78;0
811;51.0;25.1;697.0;49.78;0
812;51.0;25.1;726.0;49.78;0
813;51.0;25.1;772.0;48.8;0
814;51.0;25.1;750.0;49.78;0
815;51.0;25.1;780.0;49.78;0
816;51.0;25.1;744.0;49.78;0
817;51.0;25.1;783.0;49.29;0
818;51.0;25.1;743.0;49.78;0
819;51.0;25.1;786.0;49.78;0
820;51.0;25.1;740.0;50.26;0
821;51.0;25.1;786.0;49.78;0
822;51.0;25.1;739.0;49.78;0
823;51.0;25.1;785.0;49.78;0
824;51.0;25.1;741.0;49.29;0
825;51.0;25.1;784.0;48.8;0
826;51.0;25.1;743.0;49.78;0
827;51.0;25.1;782.0;49.29;0
828;51.0;25.1;747.0;49.78;0
829;51.0;25.1;778.0;49.29;0
830;51.0;25.1;752.0;49.78;0
831;51.0;25.1;774.0;50.26;0
832;51.0;25.1;757.0;49.29;0
833;51.0;25.1;766.0;49.29;0
834;50.0;25.2;772.0;22.45;0
835;50.0;25.2;778.0;21.47;0
836;50.0;25.2;730.0;22.45;0
837;50.0;25.2;775.0;21.47;0
838;50.0;25.2;734.0;21.47;0
839;50.0;25.2;782.0;20.98;0
840;50.0;25.2;744.0;21.96;0
841;50.0;25.2;779.0;21.96;0
842;50.0;25.2;749.0;21.47;0
843;50.0;25.2;776.0;20.98;0
844;50.0;25.2;755.0;21.47;0
845;50.0;25.2;772.0;21.47;0
846;50.0;25.2;759.0;21.47;0
847;50.0;25.2;764.0;21.47;0
848;50.0;25.2;763.0;20.5;0
849;50.0;25.2;757.0;20.98;0
850;50.0;25.2;768.0;20.5;0
851;50.0;25.2;751.0;21.47;0
852;50.0;25.2;772.0;21.47;0
853;50.0;25.2;748.0;21.47;0
854;50.0;25.2;777.0;20.98;0
855;50.0;25.2;742.0;21.47;0
856;50.0;25.2;778.0;20.98;0
857;50.0;25.2;737.0;21.47;0
858;50.0;25.2;780.0;21.47;0
859;50.0;25.2;735.0;21.47;0
860;50.0;25.2;780.0;20.5;0
861;50.0;25.2;732.0;21.96;0
862;50.0;25.2;778.0;21.47;0
863;50.0;25.2;732.0;21.47;0
864;50.0;25.2;777.0;20.5;0
865;50.0;25.2;734.0;21.47;0
866;50.0;25.2;774.0;20.5;0
867;50.0;25.2;737.0;21.47;0
868;50.0;25.2;771.0;20.5;0
869;50.0;25.2;744.0;21.47;0
870;50.0;25.2;770.0;21.47;0
871;50.0;25.2;755.0;20.5;0
872;50.0;25.2;771.0;20.01;0
873;50.0;25.2;763.0;20.98;0
874;50.0;25.2;767.0;21.96;0
875;50.0;25.2;768.0;21.47;0
876;50.0;25.2;761.0;21.47;0
877;50.0;25.2;773.0;21.47;0
878;50.0;25.2;757.0;21.47;0
879;50.0;25.2;778.0;20.98;0
880;50.0;25.2;751.0;21.47;0
881;50.0;25.2;782.0;20.5;0
882;50.0;25.2;746.0;21.47;0
883;50.0;25.2;784.0;20.98;0
884;50.0;25.2;743.0;21.96;0
885;50.0;25.2;786.0;20.5;0
886;50.0;25.2;740.0;21.96;0
887;50.0;25.2;786.0;21.47;0
888;50.0;25.2;739.0;21.47;0
889;50.0;25.2;786.0;21.47;0
890;50.0;25.2;740.0;20.98;0
891;50.0;25.2;784.0;20.01;0
892;50.0;25.2;743.0;21.47;0
893;50.0;25.2;782.0;22.94;0
894;50.0;25.2;747.0;20.98;0
895;50.0;25.2;779.0;21.47;0
896;50.0;25.2;753.0;20.98;0
897;50.0;25.2;775.0;22.94;0
898;50.0;25.2;758.0;21.47;0
899;50.0;25.2;770.0;20.98;0
900;50.0;25.2;764.0;20.98;0
901;50.0;25.2;765.0;21.96;0
902;50.0;25.2;770.0;21.96;0
903;50.0;25.2;758.0;32.7;0
904;50.0;25.2;742.0;34.16;0
905;50.0;25.2;782.0;33.18;0
906;50.0;25.2;746.0;33.18;0
907;50.0;25.2;780.0;34.16;0
908;50.0;25.2;750.0;33.18;0
909;50.0;25.2;776.0;33.67;0
910;50.0;25.2;756.0;34.65;0
911;50.0;25.2;771.0;32.21;0
912;50.0;25.2;762.0;34.65;0
913;50.0;25.2;766.0;32.7;0
914;50.0;25.2;768.0;33.67;0
915;50.0;25.2;762.0;33.18;0
916;50.0;25.2;773.0;32.21;0
917;50.0;25.2;756.0;32.7;0
918;50.0;25.2;777.0;34.16;0
919;50.0;25.2;751.0;30.74;0
920;50.0;25.2;781.0;34.16;0
921;50.0;25.2;747.0;31.23;0
922;50.0;25.2;784.0;34.16;0
923;50.0;25.2;743.0;32.21;0
924;50.0;25.2;786.0;34.65;0
925;50.0;25.2;741.0;31.72;0
926;50.0;25.2;786.0;34.16;0
927;50.0;25.2;740.0;30.74;0
928;50.0;25.2;787.0;32.21;0
929;50.0;25.2;742.0;32.7;0
930;50.0;25.2;785.0;34.65;0
931;50.0;25.2;743.0;33.67;0
932;50.0;25.2;783.0;33.67;0
933;50.0;25.2;747.0;33.18;0
934;50.0;25.2;780.0;33.67;0
935;50.0;25.2;752.0;34.65;0
936;50.0;25.2;776.0;33.18;0
937;50.0;25.2;758.0;34.65;0
938;50.0;25.2;772.0;34.16;0
939;50.0;25.2;764.0;34.65;0
940;50.0;25.2;768.0;33.18;0
941;50.0;25.2;768.0;34.16;0
942;50.0;25.2;759.0;30.26;0
943;50.0;25.2;773.0;34.65;0
944;50.0;25.2;757.0;30.74;0
945;50.0;25.2;779.0;34.65;0
946;50.0;25.2;751.0;31.72;0
947;50.0;25.2;782.0;35.62;0
948;50.0;25.2;747.0;33.18;0
949;50.0;25.2;785.0;34.65;0
950;50.0;25.2;744.0;32.7;0
951;50.0;25.2;786.0;35.62;0
952;50.0;25.2;741.0;31.23;0
953;50.0;25.2;787.0;34.16;0
954;50.0;25.2;742.0;31.72;0
955;50.0;25.2;791.0;34.65;0
956;50.0;25.2;750.0;40.99;0
957;50.0;25.2;787.0;42.94;0
958;50.0;25.2;759.0;55.14;0
959;50.0;25.2;796.0;54.66;0
960;50.0;25.2;758.0;40.5;0
961;50.0;25.2;788.0;41.48;0
962;50.0;25.2;764.0;40.5;0
963;50.0;25.2;786.0;40.99;0
964;50.0;25.2;771.0;39.53;0
965;50.0;25.2;783.0;42.46;0
966;50.0;25.2;777.0;41.48;0
967;50.0;25.2;779.0;40.99;0
968;50.0;25.2;783.0;42.46;0
969;50.0;25.2;773.0;40.5;0
970;50.0;25.2;788.0;40.02;0
971;50.0;25.2;769.0;39.04;0
972;51.0;25.2;780.0;41.97;0
973;51.0;25.2;794.0;30.26;0
974;51.0;25.2;763.0;29.28;0
975;51.0;25.2;791.0;29.28;0
976;51.0;25.2;769.0;43.92;0
977;51.0;25.2;786.0;28.79;0
978;51.0;25.2;774.0;28.3;0
979;51.0;25.2;782.0;28.3;0
980;51.0;25.2;780.0;28.79;0
981;51.0;25.2;777.0;28.3;0
982;51.0;25.2;785.0;28.3;0
983;51.0;25.2;772.0;28.79;0
984;51.0;25.2;790.0;28.3;0
985;51.0;25.2;767.0;27.82;0
986;51.0;25.2;795.0;27.82;0
987;51.0;25.2;763.0;28.3;0
988;51.0;25.2;796.0;28.3;0
989;51.0;25.2;758.0;27.82;0
990;51.0;25.2;798.0;28.3;0
991;51.0;25.2;757.0;28.3;0
992;51.0;25.2;799.0;44.41;0
993;51.0;25.2;754.0;27.82;0
994;51.0;25.2;799.0;27.82;0
995;51.0;25.2;755.0;28.3;0
996;51.0;25.2;797.0;27.82;0
997;51.0;25.2;755.0;28.3;0
998;51.0;25.2;795.0;27.82;0
999;51.0;25.2;759.0;28.3;0
1000;51.0;25.2;792.0;27.82;0
1001;51.0;25.2;764.0;27.82;0
1002;51.0;25.2;789.0;28.3;0
1003;51.0;25.2;770.0;27.82;0
1004;51.0;25.2;785.0;27.82;0
1005;51.0;25.2;775.0;28.3;0
1006;51.0;25.2;780.0;28.3;0
1007;51.0;25.2;782.0;28.3;0
1008;51.0;25.2;775.0;42.46;0
1009;51.0;25.2;786.0;28.3;0
1010;51.0;25.2;770.0;28.3;0
1011;51.0;25.2;790.0;28.79;0
1012;51.0;25.2;766.0;27.33;0
1013;51.0;25.2;794.0;28.3;0
1014;51.0;25.2;760.0;27.82;0
1015;51.0;25.2;796.0;28.3;0
1016;51.0;25.2;756.0;28.3;0
1017;51.0;25.2;799.0;27.82;0
1018;51.0;25.2;754.0;28.3;0
1019;51.0;25.2;798.0;28.3;0
1020;51.0;25.2;753.0;28.3;0
1021;51.0;25.2;796.0;28.3;0
1022;51.0;25.2;753.0;27.82;0
1023;51.0;25.2;795.0;27.82;0
1024;51.0;25.2;755.0;42.46;0
1025;51.0;25.2;792.0;27.82;0
1026;51.0;25.2;759.0;28.79;0
1027;51.0;25.2;790.0;27.82;0
1028;51.0;25.2;764.0;28.3;0
1029;51.0;25.2;785.0;28.3;0
1030;51.0;25.2;769.0;28.3;0
1031;51.0;25.2;782.0;28.79;0
1032;51.0;25.2;776.0;28.79;0
1033;51.0;25.2;777.0;28.3;0
1034;51.0;25.2;780.0;28.3;0
1035;51.0;25.2;770.0;28.3;0
1036;51.0;25.2;784.0;27.82;0
1037;51.0;25.2;767.0;27.82;0
1038;51.0;25.2;791.0;28.3;0
1039;51.0;25.2;762.0;27.82;0
1040;51.0;25.2;794.0;43.43;0
1041;50.0;25.2;786.0;42.46;0
1042;50.0;25.2;768.0;32.7;0
1043;50.0;25.2;783.0;29.77;0
1044;50.0;25.2;773.0;31.23;0
1045;50.0;25.2;780.0;30.26;0
1046;50.0;25.2;779.0;30.26;0
1047;50.0;25.2;774.0;28.79;0
1048;50.0;25.2;783.0;29.28;0
1049;50.0;25.2;769.0;29.28;0
1050;50.0;25.2;786.0;30.74;0
1051;50.0;25.2;758.0;29.77;0
1052;50.0;25.2;783.0;30.74;0
1053;50.0;25.2;746.0;28.79;0
1054;50.0;25.2;782.0;29.28;0
1055;50.0;25.2;742.0;29.28;0
1056;50.0;25.2;785.0;29.28;0
1057;50.0;25.2;744.0;29.77;0
1058;50.0;25.2;794.0;29.77;0
1059;50.0;25.2;749.0;28.79;0
1060;50.0;25.2;795.0;29.77;0
1061;50.0;25.2;750.0;31.23;0
1062;50.0;25.2;792.0;29.28;0
1063;50.0;25.2;751.0;29.28;0
1064;50.0;25.2;789.0;30.74;0
1065;50.0;25.2;756.0;30.26;0
1066;50.0;25.2;786.0;29.77;0
1067;50.0;25.2;761.0;30.26;0
1068;50.0;25.2;784.0;29.28;0
1069;50.0;25.2;769.0;29.77;0
1070;50.0;25.2;781.0;29.77;0
1071;50.0;25.2;776.0;30.26;0
1072;50.0;25.2;775.0;29.77;0
1073;50.0;25.2;782.0;29.28;0
1074;50.0;25.2;771.0;29.77;0
1075;50.0;25.2;786.0;30.26;0
1076;50.0;25.2;767.0;28.79;0
1077;50.0;25.2;790.0;30.26;0
1078;50.0;25.2;760.0;29.77;0
1079;50.0;25.2;794.0;29.28;0
1080;50.0;25.2;758.0;28.79;0
1081;50.0;25.2;796.0;31.23;0
1082;50.0;25.2;754.0;29.28;0
1083;50.0;25.2;797.0;29.28;0
1084;50.0;25.2;752.0;29.28;0
1085;50.0;25.2;797.0;29.28;0
1086;50.0;25.2;751.0;29.28;0
1087;50.0;25.2;796.0;29.77;0
1088;50.0;25.2;753.0;28.79;0
1089;50.0;25.2;793.0;30.74;0
1090;50.0;25.2;756.0;28.79;0
1091;50.0;25.2;791.0;29.77;0
1092;50.0;25.2;761.0;29.77;0
1093;50.0;25.2;786.0;30.26;0
1094;50.0;25.2;766.0;29.28;0
1095;50.0;25.2;783.0;29.77;0
1096;50.0;25.2;773.0;29.77;0
1097;50.0;25.2;779.0;29.77;0
1098;50.0;25.2;778.0;29.28;0
1099;50.0;25.2;773.0;28.79;0
1100;50.0;25.2;784.0;30.26;0
1101;50.0;25.2;769.0;28.79;0
1102;50.0;25.2;788.0;29.28;0
1103;50.0;25.2;764.0;29.77;0
1104;50.0;25.2;792.0;29.28;0
1105;50.0;25.2;758.0;28.79;0
1106;50.0;25.2;795.0;29.28;0
1107;50.0;25.2;755.0;29.77;0
1108;50.0;25.2;796.0;29.28;0
1109;50.0;25.2;752.0;28.3;0
1110;50.0;25.2;761.0;32.21;0
1111;50.0;25.2;777.0;35.62;0
1112;50.0;25.2;782.0;34.65;0
1113;50.0;25.2;771.0;33.67;0
1114;50.0;25.2;790.0;38.06;0
1115;50.0;25.2;769.0;42.94;0
1116;50.0;25.2;796.0;42.94;0
1117;50.0;25.2;765.0;44.41;0
1118;50.0;25.2;800.0;42.94;0
1119;50.0;25.2;765.0;44.41;0
1120;50.0;25.2;803.0;41.48;0
1121;50.0;25.2;759.0;39.53;0
1122;50.0;25.2;802.0;43.92;0
1123;50.0;25.2;758.0;43.43;0
1124;50.0;25.2;803.0;45.87;0
1125;50.0;25.2;760.0;44.41;0
1126;50.0;25.2;800.0;41.48;0
1127;50.0;25.2;758.0;39.53;0
1128;50.0;25.2;799.0;40.5;0
1129;50.0;25.2;764.0;41.48;0
1130;50.0;25.2;796.0;43.43;0
1131;50.0;25.2;769.0;46.36;0
1132;50.0;25.2;794.0;44.41;0
1133;50.0;25.2;775.0;47.34;0
1134;50.0;25.2;788.0;46.36;0
1135;50.0;25.2;780.0;44.9;0
1136;50.0;25.2;784.0;40.99;0
1137;50.0;25.2;786.0;49.29;0
1138;50.0;25.2;784.0;57.58;0
1139;50.0;25.2;792.0;49.29;0
1140;50.0;25.2;776.0;47.34;0
1141;50.0;25.2;798.0;50.26;0
1142;50.0;25.2;770.0;47.82;0
1143;50.0;25.2;800.0;49.78;0
1144;50.0;25.2;768.0;49.78;0
1145;50.0;25.2;804.0;51.24;0
1146;50.0;25.2;763.0;49.78;0
1147;50.0;25.2;805.0;48.8;0
1148;50.0;25.2;762.0;49.29;0
1149;50.0;25.2;806.0;49.29;0
1150;50.0;25.2;760.0;48.8;0
1151;50.0;25.2;803.0;49.29;0
1152;50.0;25.2;760.0;42.94;0
1153;50.0;25.2;801.0;49.78;0
1154;50.0;25.2;764.0;47.82;0
1155;50.0;25.2;800.0;48.31;0
1156;50.0;25.2;768.0;49.29;0
1157;50.0;25.2;795.0;48.31;0
1158;50.0;25.2;773.0;49.29;0
1159;50.0;25.2;791.0;48.31;0
1160;50.0;25.2;779.0;48.8;0
1161;50.0;25.2;787.0;47.34;0
1162;50.0;25.2;785.0;48.31;0
1163;50.0;25.2;781.0;47.82;0
1164;50.0;25.2;790.0;49.29;0
1165;50.0;25.2;775.0;46.85;0
1166;43.0;28.1;694.0;44.9;0
1167;43.0;28.1;719.0;56.12;0
1168;43.0;28.1;674.0;46.85;0
1169;43.0;28.1;696.0;54.17;0
1170;43.0;28.1;675.0;54.17;0
1171;43.0;28.1;718.0;58.07;0
1172;43.0;28.1;673.0;49.78;0
1173;43.0;28.1;717.0;50.26;0
1174;43.0;28.1;674.0;50.75;0
1175;43.0;28.1;715.0;53.68;0
1176;43.0;28.1;679.0;51.24;0
1177;43.0;28.1;711.0;54.66;0
1178;43.0;28.1;683.0;54.66;0
1179;43.0;28.1;707.0;52.22;0
1180;43.0;28.1;689.0;50.75;0
1181;43.0;28.1;702.0;51.73;0
1182;43.0;28.1;697.0;55.14;0
1183;43.0;28.1;697.0;53.68;0
1184;43.0;28.1;702.0;53.19;0
1185;43.0;28.1;692.0;54.17;0
1186;43.0;28.1;707.0;52.22;0
1187;43.0;28.1;686.0;52.22;0
1188;43.0;28.1;712.0;54.66;0
1189;43.0;28.1;680.0;51.24;0
1190;43.0;28.1;715.0;55.14;0
1191;43.0;28.1;676.0;49.78;0
1192;43.0;28.1;717.0;53.68;0
1193;43.0;28.1;673.0;51.24;0
1194;43.0;28.1;717.0;51.73;0
1195;43.0;28.1;673.0;51.24;0
1196;43.0;28.1;716.0;53.68;0
1197;43.0;28.1;673.0;50.75;0
1198;43.0;28.1;715.0;54.66;0
1199;43.0;28.1;677.0;50.75;0
1200;43.0;28.1;712.0;54.66;0
1201;43.0;28.1;682.0;54.66;0
1202;43.0;28.1;705.0;52.22;0
1203;43.0;28.1;689.0;54.66;0
1204;43.0;28.1;703.0;51.24;0
1205;43.0;28.1;696.0;52.22;0
1206;43.0;28.1;698.0;50.75;0
1207;43.0;28.1;701.0;54.17;0
1208;43.0;28.1;690.0;53.68;0
1209;43.0;28.1;706.0;54.66;0
1210;43.0;28.1;686.0;52.7;0
1211;43.0;28.1;711.0;52.7;0
1212;43.0;28.1;682.0;52.7;0
1213;43.0;28.1;714.0;56.12;0
1214;43.0;28.1;676.0;54.17;0
1215;43.0;28.1;716.0;55.14;0
1216;43.0;28.1;674.0;51.73;0
1217;43.0;28.1;718.0;52.22;0
1218;43.0;28.1;673.0;50.75;0
1219;43.0;28.1;717.0;52.22;0
1220;43.0;28.1;674.0;51.24;0
1221;43.0;28.1;715.0;55.14;0
1222;43.0;28.1;678.0;55.63;0
1223;43.0;28.1;711.0;54.17;0
1224;43.0;28.1;682.0;55.14;0
1225;43.0;28.1;709.0;53.19;0
1226;43.0;28.1;688.0;55.63;0
1227;43.0;28.1;703.0;52.22;0
1228;43.0;28.1;696.0;52.22;0
1229;43.0;28.1;698.0;50.75;0
1230;43.0;28.1;701.0;53.68;0
1231;43.0;28.1;691.0;51.24;0
1232;43.0;28.1;706.0;55.63;0
1233;43.0;28.1;686.0;53.19;0
1234;43.0;28.1;711.0;53.19;0
1235;43.0;28.1;682.0;52.7;0
1236;43.0;28.1;715.0;54.66;0
1237;42.0;28.1;708.0;49.29;0
1238;42.0;28.1;694.0;64.9;0
1239;42.0;28.1;703.0;62.95;0
1240;42.0;28.1;700.0;64.9;0
1241;42.0;28.1;697.0;58.56;0
1242;42.0;28.1;703.0;62.46;0
1243;42.0;28.1;688.0;61.98;0
1244;42.0;28.1;708.0;62.95;0
1245;42.0;28.1;684.0;61.49;0
1246;42.0;28.1;713.0;61.0;0
1247;42.0;28.1;680.0;59.05;0
1248;42.0;28.1;716.0;63.44;0
1249;42.0;28.1;675.0;61.49;0
1250;42.0;28.1;718.0;63.44;0
1251;42.0;28.1;674.0;60.02;0
1252;42.0;28.1;718.0;62.46;0
1253;42.0;28.1;674.0;60.51;0
1254;42.0;28.1;717.0;64.42;0
1255;42.0;28.1;676.0;61.98;0
1256;42.0;28.1;714.0;62.95;0
1257;42.0;28.1;679.0;60.51;0
1258;42.0;28.1;710.0;62.95;0
1259;42.0;28.1;684.0;62.95;0
1260;42.0;28.1;708.0;63.44;0
1261;42.0;28.1;690.0;65.39;0
1262;42.0;28.1;700.0;61.98;0
1263;42.0;28.1;698.0;63.93;0
1264;42.0;28.1;695.0;63.44;0
1265;42.0;28.1;704.0;63.93;0
1266;42.0;28.1;692.0;61.49;0
1267;42.0;28.1;708.0;62.46;0
1268;42.0;28.1;686.0;61.98;0
1269;42.0;28.1;713.0;62.46;0
1270;42.0;28.1;680.0;61.98;0
1271;42.0;28.1;716.0;62.46;0
1272;42.0;28.1;677.0;61.0;0
1273;42.0;28.1;717.0;61.98;0
1274;42.0;28.1;675.0;62.46;0
1275;42.0;28.1;719.0;61.98;0
1276;42.0;28.1;675.0;62.46;0
1277;42.0;28.1;718.0;64.42;0
1278;42.0;28.1;677.0;62.46;0
1279;42.0;28.1;715.0;61.49;0
1280;42.0;28.1;679.0;63.44;0
1281;42.0;28.1;713.0;64.42;0
1282;42.0;28.1;685.0;64.42;0
1283;42.0;28.1;706.0;63.44;0
1284;42.0;28.1;691.0;63.44;0
1285;42.0;28.1;702.0;64.9;0
1286;42.0;28.1;697.0;63.44;0
1287;42.0;28.1;696.0;61.0;0
1288;42.0;28.1;705.0;64.42;0
1289;42.0;28.1;691.0;61.0;0
1290;42.0;28.1;709.0;62.95;0
1291;42.0;28.1;685.0;63.44;0
1292;42.0;28.1;713.0;63.44;0
1293;42.0;28.1;680.0;62.46;0
1294;42.0;28.1;718.0;65.88;0
1295;42.0;28.1;678.0;61.49;0
1296;42.0;28.1;719.0;64.42;0
1297;42.0;28.1;676.0;62.46;0
1298;42.0;28.1;719.0;62.46;0
1299;42.0;28.1;675.0;60.51;0
1300;42.0;28.1;718.0;65.88;0
1301;42.0;28.1;677.0;61.49;0
1302;42.0;28.1;716.0;64.9;0
1303;42.0;28.1;680.0;64.42;0
1304;42.0;28.1;712.0;65.39;0
1305;42.0;28.1;685.0;64.9;0
1306;42.0;28.1;678.0;48.31;0
1307;42.0;28.1;681.0;53.19;0
1308;42.0;28.1;722.0;51.73;0
1309;42.0;28.1;678.0;52.22;0
1310;42.0;28.1;721.0;47.82;0
1311;42.0;28.1;676.0;47.34;0
1312;42.0;28.1;717.0;51.24;0
1313;42.0;28.1;678.0;47.34;0
1314;42.0;28.1;715.0;48.31;0
1315;42.0;28.1;682.0;47.82;0
1316;42.0;28.1;711.0;49.78;0
1317;42.0;28.1;689.0;51.24;0
1318;42.0;28.1;707.0;49.78;0
1319;42.0;28.1;694.0;50.75;0
1320;42.0;28.1;702.0;49.78;0
1321;42.0;28.1;701.0;51.73;0
1322;42.0;28.1;696.0;48.31;0
1323;42.0;28.1;706.0;50.26;0
1324;42.0;28.1;691.0;47.34;0
1325;42.0;28.1;711.0;51.24;0
1326;42.0;28.1;686.0;49.29;0
1327;42.0;28.1;715.0;51.73;0
1328;42.0;28.1;681.0;47.82;0
1329;42.0;28.1;718.0;48.8;0
1330;42.0;28.1;679.0;50.75;0
1331;42.0;28.1;720.0;52.22;0
1332;42.0;28.1;676.0;48.31;0
1333;42.0;28.1;720.0;49.29;0
1334;42.0;28.1;676.0;50.75;0
1335;42.0;28.1;718.0;48.31;0
1336;42.0;28.1;679.0;49.29;0
1337;42.0;28.1;715.0;50.26;0
1338;42.0;28.1;682.0;49.29;0
1339;42.0;28.1;711.0;51.24;0
1340;42.0;28.1;688.0;51.73;0
1341;42.0;28.1;707.0;49.29;0
1342;42.0;28.1;696.0;52.7;0
1343;42.0;28.1;703.0;50.26;0
1344;42.0;28.1;701.0;50.26;0
1345;42.0;28.1;696.0;49.29;0
1346;42.0;28.1;707.0;49.78;0
1347;42.0;28.1;692.0;47.34;0
1348;42.0;28.1;712.0;50.75;0
1349;42.0;28.1;686.0;50.26;0
1350;42.0;28.1;717.0;52.22;0
1351;42.0;28.1;683.0;50.26;0
1352;42.0;28.1;720.0;49.78;0
1353;42.0;28.1;679.0;50.26;0
1354;42.0;28.1;720.0;53.19;0
1355;42.0;28.1;677.0;49.78;0
1356;42.0;28.1;721.0;51.73;0
1357;42.0;28.1;677.0;49.78;0
1358;42.0;28.1;720.0;50.26;0
1359;42.0;28.1;679.0;49.78;0
1360;42.0;28.1;716.0;51.24;0
1361;42.0;28.1;683.0;51.24;0
1362;42.0;28.1;713.0;50.26;0
1363;42.0;28.1;690.0;50.75;0
1364;42.0;28.1;709.0;49.78;0
1365;42.0;28.1;694.0;50.75;0
1366;42.0;28.1;704.0;51.73;0
1367;42.0;28.1;701.0;51.24;0
1368;42.0;28.1;697.0;51.73;0
1369;42.0;28.1;706.0;50.75;0
1370;42.0;28.1;692.0;49.78;0
1371;42.0;28.1;712.0;52.7;0
1372;42.0;28.1;688.0;51.24;0
1373;42.0;28.1;717.0;54.17;0
1374;42.0;28.1;684.0;49.29;0
1375;42.0;28.0;694.0;52.7;0
1376;42.0;28.0;702.0;67.83;0
1377;42.0;28.0;696.0;68.32;0
1378;42.0;28.0;697.0;67.34;0
1379;42.0;28.0;700.0;68.32;0
1380;42.0;28.0;691.0;66.86;0
1381;42.0;28.0;705.0;67.83;0
1382;42.0;28.0;686.0;66.37;0
1383;42.0;28.0;714.0;77.1;0
1384;42.0;28.0;676.0;62.46;0
1385;42.0;28.0;712.0;61.98;0
1386;42.0;28.0;672.0;60.51;0
1387;42.0;28.0;713.0;61.98;0
1388;42.0;28.0;670.0;60.51;0
1389;42.0;28.0;714.0;62.46;0
1390;42.0;28.0;669.0;61.98;0
1391;42.0;28.0;713.0;63.44;0
1392;42.0;28.0;669.0;61.49;0
1393;42.0;28.0;711.0;61.49;0
1394;42.0;28.0;673.0;61.49;0
1395;42.0;28.0;707.0;63.44;0
1396;42.0;28.0;678.0;61.98;0
1397;42.0;28.0;703.0;62.46;0
1398;42.0;28.0;684.0;61.98;0
1399;42.0;28.0;700.0;61.98;0
1400;42.0;28.0;691.0;63.44;0
1401;42.0;28.0;695.0;61.0;0
1402;42.0;28.0;698.0;61.98;0
1403;42.0;28.0;689.0;59.54;0
1404;42.0;28.0;703.0;62.95;0
1405;42.0;28.0;683.0;61.0;0
1406;42.0;28.0;708.0;61.98;0
1407;42.0;28.0;678.0;60.51;0
1408;42.0;28.0;711.0;62.95;0
1409;42.0;28.0;673.0;60.51;0
1410;42.0;28.0;714.0;62.46;0
1411;42.0;28.0;671.0;61.0;0
1412;42.0;28.0;714.0;62.46;0
1413;42.0;28.0;670.0;61.0;0
1414;42.0;28.0;714.0;63.44;0
1415;42.0;28.0;671.0;62.46;0
1416;42.0;28.0;712.0;60.51;0
1417;42.0;28.0;673.0;61.0;0
1418;42.0;28.0;709.0;61.98;0
1419;42.0;28.0;678.0;61.49;0
1420;42.0;28.0;706.0;61.98;0
1421;42.0;28.0;682.0;62.46;0
1422;42.0;28.0;699.0;61.98;0
1423;42.0;28.0;690.0;61.49;0
1424;42.0;28.0;694.0;60.51;0
1425;42.0;28.0;698.0;61.98;0
1426;42.0;28.0;689.0;62.46;0
1427;42.0;28.0;702.0;61.98;0
1428;42.0;28.0;683.0;60.02;0
1429;42.0;28.0;707.0;62.46;0
1430;42.0;28.0;678.0;60.51;0
1431;42.0;28.0;711.0;61.0;0
1432;42.0;28.0;674.0;60.51;0
1433;42.0;28.0;715.0;62.95;0
1434;42.0;28.0;671.0;61.0;0
1435;42.0;28.0;714.0;61.49;0
1436;42.0;28.0;669.0;61.49;0
1437;42.0;28.0;714.0;62.46;0
1438;42.0;28.0;670.0;61.49;0
1439;42.0;28.0;712.0;61.49;0
1440;42.0;28.0;672.0;61.98;0
1441;42.0;28.0;709.0;61.0;0
1442;42.0;28.0;678.0;61.0;0
1443;42.0;28.0;705.0;61.49;0
1444;42.0;28.0;712.0;43.43;0
1445;42.0;28.0;715.0;34.65;0
1446;42.0;28.0;672.0;33.18;0
1447;42.0;28.0;715.0;34.16;0
1448;42.0;28.0;669.0;32.21;0
1449;42.0;28.0;713.0;32.21;0
1450;42.0;28.0;670.0;32.21;0
1451;42.0;28.0;711.0;32.7;0
1452;42.0;28.0;674.0;32.7;0
1453;42.0;28.0;706.0;32.21;0
1454;42.0;28.0;679.0;32.21;0
1455;42.0;28.0;702.0;33.18;0
1456;42.0;28.0;686.0;33.18;0
1457;42.0;28.0;698.0;32.7;0
1458;42.0;28.0;691.0;32.21;0
1459;42.0;28.0;692.0;36.11;0
1460;42.0;28.0;698.0;32.21;0
1461;42.0;28.0;685.0;32.7;0
1462;42.0;28.0;702.0;32.21;0
1463;42.0;28.0;682.0;32.21;0
1464;42.0;28.0;707.0;32.21;0
1465;42.0;28.0;675.0;32.7;0
1466;42.0;28.0;711.0;32.7;0
1467;42.0;28.0;672.0;32.21;0
1468;42.0;28.0;713.0;33.18;0
1469;42.0;28.0;669.0;32.7;0
1470;42.0;28.0;714.0;32.7;0
1471;42.0;28.0;668.0;32.7;0
1472;42.0;28.0;713.0;32.7;0
1473;42.0;28.0;669.0;32.7;0
1474;42.0;28.0;710.0;32.7;0
1475;42.0;28.0;673.0;34.65;0
1476;42.0;28.0;707.0;32.7;0
1477;42.0;28.0;677.0;32.21;0
1478;42.0;28.0;703.0;32.21;0
1479;42.0;28.0;685.0;32.7;0
1480;42.0;28.0;698.0;31.72;0
1481;42.0;28.0;690.0;32.7;0
1482;42.0;28.0;693.0;31.72;0
1483;42.0;28.0;697.0;32.7;0
1484;42.0;28.0;687.0;31.72;0
1485;42.0;28.0;702.0;32.21;0
1486;42.0;28.0;681.0;32.7;0
1487;42.0;28.0;706.0;32.7;0
1488;42.0;28.0;676.0;32.21;0
1489;42.0;28.0;710.0;32.21;0
1490;42.0;28.0;672.0;32.21;0
1491;42.0;28.0;712.0;35.14;0
1492;42.0;28.0;669.0;32.21;0
1493;42.0;28.0;713.0;32.7;0
1494;42.0;28.0;668.0;32.21;0
1495;42.0;28.0;714.0;32.21;0
1496;42.0;28.0;669.0;32.21;0
1497;42.0;28.0;711.0;32.21;0
1498;42.0;28.0;673.0;32.7;0
1499;42.0;28.0;708.0;32.7;0
1500;42.0;28.0;676.0;32.21;0
1501;42.0;28.0;704.0;32.21;0
1502;42.0;28.0;683.0;31.72;0
1503;42.0;28.0;698.0;31.72;0
1504;42.0;28.0;689.0;32.21;0
1505;42.0;28.0;693.0;32.21;0
1506;42.0;28.0;695.0;32.21;0
1507;42.0;28.0;688.0;36.6;0
1508;42.0;28.0;701.0;32.7;0
1509;42.0;28.0;683.0;32.21;0
1510;42.0;28.0;707.0;33.18;0
1511;42.0;28.0;678.0;31.72;0
1512;42.0;28.0;709.0;32.7;0
1513;42.0;28.0;704.0;33.67;0
1514;42.0;28.0;689.0;37.09;0
1515;42.0;28.0;700.0;36.6;0
1516;42.0;28.0;694.0;35.62;0
1517;42.0;28.0;694.0;37.09;0
1518;42.0;28.0;699.0;34.16;0
1519;42.0;28.0;688.0;35.62;0
1520;42.0;28.0;706.0;34.16;0
1521;42.0;28.0;680.0;34.65;0
1522;42.0;28.0;708.0;34.65;0
1523;42.0;28.0;676.0;36.11;0
1524;42.0;28.0;712.0;34.16;0
1525;42.0;28.0;671.0;36.11;0
1526;42.0;28.0;713.0;34.65;0
1527;42.0;28.0;669.0;35.14;0
1528;42.0;28.0;714.0;34.16;0
1529;42.0;28.0;669.0;35.14;0
1530;42.0;28.0;712.0;35.62;0
1531;42.0;28.0;671.0;36.11;0
1532;42.0;28.0;710.0;34.65;0
1533;42.0;28.0;673.0;34.65;0
1534;42.0;28.0;708.0;35.14;0
1535;42.0;28.0;678.0;35.14;0
1536;42.0;28.0;703.0;34.65;0
1537;42.0;28.0;684.0;35.14;0
1538;42.0;28.0;697.0;34.65;0
1539;42.0;28.0;691.0;35.62;0
1540;42.0;28.0;692.0;35.14;0
1541;42.0;28.0;697.0;35.62;0
1542;42.0;28.0;686.0;36.6;0
1543;42.0;28.0;702.0;34.16;0
1544;42.0;28.0;680.0;36.6;0
1545;42.0;28.0;706.0;35.14;0
1546;42.0;28.0;676.0;36.6;0
1547;42.0;28.0;711.0;33.67;0
1548;42.0;28.0;673.0;36.6;0
1549;42.0;28.0;714.0;34.16;0
1550;42.0;28.0;669.0;34.65;0
1551;42.0;28.0;713.0;35.62;0
1552;42.0;28.0;669.0;36.11;0
1553;42.0;28.0;713.0;34.16;0
1554;42.0;28.0;669.0;35.14;0
1555;42.0;28.0;712.0;36.6;0
1556;42.0;28.0;671.0;35.62;0
1557;42.0;28.0;708.0;35.62;0
1558;42.0;28.0;676.0;34.16;0
1559;42.0;28.0;703.0;34.65;0
1560;42.0;28.0;681.0;34.65;0
1561;42.0;28.0;699.0;35.62;0
1562;42.0;28.0;689.0;34.65;0
1563;42.0;28.0;693.0;35.62;0
1564;42.0;28.0;695.0;35.14;0
1565;42.0;28.0;689.0;35.14;0
1566;42.0;28.0;701.0;34.65;0
1567;42.0;28.0;683.0;36.11;0
1568;42.0;28.0;705.0;34.16;0
1569;42.0;28.0;676.0;37.09;0
1570;42.0;28.0;709.0;34.65;0
1571;42.0;28.0;673.0;36.11;0
1572;42.0;28.0;712.0;34.65;0
1573;42.0;28.0;670.0;36.11;0
1574;42.0;28.0;714.0;35.14;0
1575;42.0;28.0;668.0;35.14;0
1576;42.0;28.0;713.0;35.14;0
1577;42.0;28.0;668.0;34.65;0
1578;42.0;28.0;711.0;34.65;0
1579;42.0;28.0;671.0;34.65;0
1580;42.0;28.0;708.0;35.14;0
1581;42.0;28.0;674.0;35.62;0
1582;42.0;28.0;669.0;33.67;0
1583;42.0;28.0;672.0;56.12;0
1584;42.0;28.0;714.0;55.14;0
1585;42.0;28.0;669.0;55.14;0
1586;42.0;28.0;713.0;53.68;0
1587;42.0;28.0;668.0;54.17;0
1588;42.0;28.0;711.0;56.61;0
1589;42.0;28.0;668.0;55.63;0
1590;42.0;28.0;710.0;56.12;0
1591;42.0;28.0;671.0;54.66;0
1592;42.0;28.0;706.0;43.43;0
1593;42.0;28.0;676.0;53.19;0
1594;42.0;28.0;702.0;55.14;0
1595;42.0;28.0;683.0;55.63;0
1596;42.0;28.0;697.0;52.7;0
1597;42.0;28.0;689.0;57.58;0
1598;42.0;28.0;691.0;55.14;0
1599;42.0;28.0;695.0;55.14;0
1600;42.0;28.0;687.0;56.12;0
1601;42.0;28.0;701.0;54.17;0
1602;42.0;28.0;682.0;55.14;0
1603;42.0;28.0;705.0;55.14;0
1604;42.0;28.0;675.0;52.22;0
1605;42.0;28.0;709.0;56.61;0
1606;42.0;28.0;672.0;53.19;0
1607;42.0;28.0;713.0;55.14;0
1608;42.0;28.0;669.0;40.99;0
1609;42.0;28.0;713.0;58.07;0
1610;42.0;28.0;667.0;55.14;0
1611;42.0;28.0;712.0;54.17;0
1612;42.0;28.0;668.0;56.12;0
1613;42.0;28.0;710.0;54.17;0
1614;42.0;28.0;670.0;55.63;0
1615;42.0;28.0;706.0;54.66;0
1616;42.0;28.0;675.0;54.17;0
1617;42.0;28.0;703.0;54.17;0
1618;42.0;28.0;680.0;57.1;0
1619;42.0;28.0;698.0;56.12;0
1620;42.0;28.0;688.0;55.63;0
1621;42.0;28.0;693.0;52.7;0
1622;42.0;28.0;693.0;54.17;0
1623;42.0;28.0;688.0;53.68;0
1624;42.0;28.0;699.0;40.02;0
1625;42.0;28.0;682.0;55.63;0
1626;42.0;28.0;704.0;56.61;0
1627;42.0;28.0;676.0;52.22;0
1628;42.0;28.0;708.0;58.56;0
1629;42.0;28.0;672.0;53.68;0
1630;42.0;28.0;711.0;54.17;0
1631;42.0;28.0;669.0;52.22;0
1632;42.0;28.0;712.0;54.66;0
1633;42.0;28.0;668.0;55.14;0
1634;42.0;28.0;712.0;57.1;0
1635;42.0;28.0;667.0;53.68;0
1636;42.0;28.0;711.0;55.63;0
1637;42.0;28.0;669.0;56.61;0
1638;42.0;28.0;708.0;54.17;0
1639;42.0;28.0;672.0;56.61;0
1640;42.0;28.0;705.0;39.53;0
1641;42.0;28.0;678.0;54.66;0
1642;42.0;28.0;700.0;54.17;0
1643;42.0;28.0;685.0;57.58;0
1644;42.0;28.0;694.0;54.17;0
1645;42.0;28.0;691.0;55.63;0
1646;42.0;28.0;689.0;56.12;0
1647;42.0;28.0;697.0;54.66;0
1648;42.0;28.0;684.0;55.14;0
1649;42.0;28.0;702.0;56.12;0
1650;42.0;28.0;679.0;52.22;0
1651;42.0;28.0;689.0;33.67;0
1652;42.0;28.0;704.0;41.48;0
1653;42.0;28.0;683.0;41.97;0
1654;42.0;28.0;700.0;40.5;0
1655;42.0;28.0;690.0;40.99;0
1656;42.0;28.0;693.0;38.55;0
1657;42.0;28.0;695.0;39.53;0
1658;42.0;28.0;688.0;38.55;0
1659;42.0;28.0;701.0;40.02;0
1660;42.0;28.0;683.0;39.04;0
1661;42.0;28.0;705.0;39.53;0
1662;42.0;28.0;678.0;38.55;0
1663;42.0;28.0;709.0;40.02;0
1664;42.0;28.0;672.0;39.53;0
1665;42.0;28.0;711.0;41.97;0
1666;42.0;28.0;670.0;37.58;0
1667;42.0;28.0;713.0;40.99;0
1668;42.0;28.0;668.0;38.06;0
1669;42.0;28.0;712.0;41.48;0
1670;42.0;28.0;666.0;37.58;0
1671;42.0;28.0;711.0;41.48;0
1672;42.0;28.0;670.0;38.06;0
1673;42.0;28.0;708.0;40.5;0
1674;42.0;28.0;672.0;38.55;0
1675;42.0;28.0;704.0;39.53;0
1676;42.0;28.0;678.0;39.04;0
1677;42.0;28.0;699.0;40.5;0
1678;42.0;28.0;683.0;40.5;0
1679;42.0;28.0;694.0;39.04;0
1680;42.0;28.0;690.0;41.97;0
1681;42.0;28.0;690.0;40.5;0
1682;42.0;28.0;696.0;41.97;0
1683;42.0;28.0;684.0;38.06;0
1684;42.0;28.0;702.0;40.99;0
1685;42.0;28.0;679.0;38.55;0
1686;42.0;28.0;705.0;41.48;0
1687;42.0;28.0;672.0;38.55;0
1688;42.0;28.0;709.0;40.99;0
1689;42.0;28.0;669.0;40.5;0
1690;42.0;28.0;711.0;39.53;0
1691;42.0;28.0;667.0;38.55;0
1692;42.0;28.0;711.0;39.04;0
1693;42.0;28.0;665.0;40.99;0
1694;42.0;28.0;711.0;39.04;0
1695;42.0;28.0;667.0;40.99;0
1696;42.0;28.0;709.0;39.53;0
1697;42.0;28.0;669.0;39.53;0
1698;42.0;28.0;707.0;40.5;0
1699;42.0;28.0;675.0;40.5;0
1700;42.0;28.0;701.0;40.5;0
1701;42.0;28.0;681.0;39.04;0
1702;42.0;28.0;696.0;37.58;0
1703;42.0;28.0;687.0;40.99;0
1704;42.0;28.0;690.0;39.04;0
1705;42.0;28.0;694.0;41.48;0
1706;42.0;28.0;686.0;38.06;0
1707;42.0;28.0;699.0;39.53;0
1708;42.0;28.0;682.0;38.06;0
1709;42.0;28.0;704.0;40.5;0
1710;42.0;28.0;678.0;38.06;0
1711;42.0;28.0;708.0;40.5;0
1712;42.0;28.0;673.0;38.55;0
1713;42.0;28.0;711.0;39.53;0
1714;42.0;28.0;670.0;39.04;0
1715;42.0;28.0;712.0;40.99;0
1716;42.0;28.0;668.0;39.53;0
1717;42.0;28.0;712.0;41.48;0
1718;42.0;28.0;668.0;39.53;0
1719;42.0;28.0;711.0;39.53;0
1720;43.0;28.0;713.0;33.67;0
1721;43.0;28.0;706.0;49.29;0
1722;43.0;28.0;678.0;45.87;0
1723;43.0;28.0;710.0;48.31;0
1724;43.0;28.0;673.0;47.82;0
1725;43.0;28.0;711.0;47.34;0
1726;43.0;28.0;669.0;46.36;0
1727;43.0;28.0;713.0;46.85;0
1728;43.0;28.0;667.0;45.87;0
1729;43.0;28.0;710.0;45.38;0
1730;43.0;28.0;662.0;46.85;0
1731;43.0;28.0;707.0;47.82;0
1732;43.0;28.0;665.0;45.87;0
1733;43.0;28.0;706.0;47.34;0
1734;43.0;28.0;670.0;47.34;0
1735;43.0;28.0;703.0;47.34;0
1736;43.0;28.0;677.0;48.8;0
1737;43.0;28.0;700.0;46.36;0
1738;43.0;28.0;683.0;47.82;0
1739;43.0;28.0;694.0;47.34;0
1740;43.0;28.0;691.0;48.31;0
1741;43.0;28.0;689.0;46.85;0
1742;43.0;28.0;694.0;45.87;0
1743;43.0;28.0;682.0;45.38;0
1744;43.0;28.0;699.0;47.34;0
1745;43.0;28.0;677.0;45.38;0
1746;43.0;28.0;704.0;46.36;0
1747;43.0;28.0;670.0;43.92;0
1748;43.0;28.0;707.0;49.29;0
1749;43.0;28.0;670.0;47.34;0
1750;43.0;28.0;712.0;49.29;0
1751;43.0;28.0;669.0;46.85;0
1752;43.0;28.0;713.0;49.29;0
1753;43.0;28.0;667.0;47.34;0
1754;43.0;28.0;712.0;48.8;0
1755;43.0;28.0;668.0;46.85;0
1756;43.0;28.0;709.0;46.85;0
1757;43.0;28.0;669.0;48.8;0
1758;43.0;28.0;707.0;45.38;0
1759;43.0;28.0;673.0;45.38;0
1760;43.0;28.0;702.0;47.82;0
1761;43.0;28.0;679.0;46.36;0
1762;43.0;28.0;699.0;46.85;0
1763;43.0;28.0;685.0;48.8;0
1764;43.0;28.0;692.0;45.38;0
1765;43.0;28.0;690.0;48.8;0
1766;43.0;28.0;686.0;47.34;0
1767;43.0;28.0;696.0;45.87;0
1768;43.0;28.0;682.0;44.9;0
1769;43.0;28.0;703.0;47.34;0
1770;43.0;28.0;677.0;44.41;0
1771;43.0;28.0;706.0;48.31;0
1772;43.0;28.0;671.0;47.34;0
1773;43.0;28.0;709.0;48.8;0
1774;43.0;28.0;669.0;47.34;0
1775;43.0;28.0;711.0;45.87;0
1776;43.0;28.0;666.0;47.34;0
1777;43.0;28.0;712.0;48.8;0
1778;43.0;28.0;665.0;48.31;0
1779;43.0;28.0;710.0;48.8;0
1780;43.0;28.0;667.0;46.85;0
1781;43.0;28.0;708.0;46.85;0
1782;43.0;28.0;669.0;50.75;0
1783;43.0;28.0;705.0;46.36;0
1784;43.0;28.0;675.0;48.31;0
1785;43.0;28.0;701.0;47.82;0
1786;43.0;28.0;681.0;46.85;0
1787;43.0;28.0;696.0;47.82;0
1788;43.0;28.0;687.0;48.31;0
1789;43.0;28.0;677.0;39.04;0
1790;43.0;28.0;667.0;57.1;0
1791;43.0;28.0;711.0;57.58;0
1792;43.0;28.0;669.0;53.68;0
1793;43.0;28.0;709.0;54.17;0
1794;43.0;28.0;670.0;54.17;0
1795;43.0;28.0;706.0;56.61;0
1796;43.0;28.0;676.0;54.66;0
1797;43.0;28.0;701.0;55.63;0
1798;43.0;28.0;682.0;57.1;0
1799;43.0;28.0;696.0;56.61;0
1800;43.0;28.0;688.0;56.61;0
1801;43.0;28.0;692.0;54.17;0
1802;43.0;28.0;694.0;57.1;0
1803;43.0;28.0;686.0;55.14;0
1804;43.0;28.0;700.0;57.1;0
1805;43.0;28.0;680.0;54.66;0
1806;43.0;28.0;704.0;54.66;0
1807;43.0;28.0;677.0;52.22;0
1808;43.0;28.0;708.0;55.63;0
1809;43.0;28.0;672.0;55.63;0
1810;43.0;28.0;711.0;54.66;0
1811;43.0;28.0;668.0;54.66;0
1812;43.0;28.0;712.0;55.63;0
1813;43.0;28.0;668.0;55.63;0
1814;43.0;28.0;712.0;54.66;0
1815;43.0;28.0;667.0;54.66;0
1816;43.0;28.0;712.0;56.12;0
1817;43.0;28.0;669.0;52.7;0
1818;43.0;28.0;709.0;56.61;0
1819;43.0;28.0;673.0;52.7;0
1820;43.0;28.0;705.0;56.61;0
1821;43.0;28.0;679.0;55.63;0
1822;43.0;28.0;701.0;56.12;0
1823;43.0;28.0;685.0;56.12;0
1824;43.0;28.0;698.0;56.12;0
1825;43.0;28.0;692.0;54.17;0
1826;43.0;28.0;692.0;54.17;0
1827;43.0;28.0;698.0;57.1;0
1828;43.0;28.0;687.0;53.19;0
1829;43.0;28.0;703.0;57.1;0
1830;43.0;28.0;681.0;52.22;0
1831;43.0;28.0;707.0;54.66;0
1832;43.0;28.0;675.0;52.7;0
1833;43.0;28.0;711.0;57.1;0
1834;43.0;28.0;672.0;56.12;0
1835;43.0;28.0;712.0;54.17;0
1836;43.0;28.0;670.0;52.7;0
1837;43.0;28.0;713.0;54.17;0
1838;43.0;28.0;667.0;54.66;0
1839;43.0;28.0;712.0;56.12;0
1840;43.0;28.0;668.0;54.17;0
1841;43.0;28.0;710.0;56.61;0
1842;43.0;28.0;671.0;54.66;0
1843;43.0;28.0;707.0;55.63;0
1844;43.0;28.0;674.0;53.19;0
1845;43.0;28.0;703.0;55.63;0
1846;43.0;28.0;680.0;56.12;0
1847;43.0;28.0;698.0;54.66;0
1848;43.0;28.0;686.0;57.1;0
1849;43.0;28.0;693.0;53.19;0
1850;43.0;28.0;692.0;56.61;0
1851;43.0;28.0;689.0;54.17;0
1852;43.0;28.0;699.0;54.66;0
1853;43.0;28.0;683.0;55.14;0
1854;43.0;28.0;703.0;55.63;0
1855;43.0;28.0;678.0;52.7;0
1856;43.0;28.0;706.0;55.14;0
1857;43.0;28.0;673.0;52.7;0
1858;42.0;28.0;683.0;39.04;0
1859;42.0;28.0;697.0;63.44;0
1860;42.0;28.0;689.0;62.46;0
1861;42.0;28.0;692.0;60.51;0
1862;42.0;28.0;694.0;61.98;0
1863;42.0;28.0;687.0;61.0;0
1864;42.0;28.0;699.0;61.0;0
1865;42.0;28.0;681.0;61.49;0
1866;42.0;28.0;704.0;62.46;0
1867;42.0;28.0;676.0;60.02;0
1868;42.0;28.0;709.0;61.49;0
1869;42.0;28.0;671.0;62.46;0
1870;42.0;28.0;711.0;61.49;0
1871;42.0;28.0;669.0;59.54;0
1872;42.0;28.0;712.0;62.46;0
1873;42.0;28.0;667.0;61.98;0
1874;42.0;28.0;713.0;60.51;0
1875;42.0;28.0;666.0;61.49;0
1876;42.0;28.0;710.0;60.51;0
1877;42.0;28.0;669.0;62.46;0
1878;42.0;28.0;708.0;61.0;0
1879;42.0;28.0;672.0;61.49;0
1880;42.0;28.0;705.0;61.49;0
1881;42.0;28.0;677.0;61.0;0
1882;42.0;28.0;700.0;62.46;0
1883;42.0;28.0;684.0;60.51;0
1884;42.0;28.0;697.0;62.46;0
1885;42.0;28.0;690.0;61.0;0
1886;42.0;28.0;690.0;59.54;0
1887;42.0;28.0;696.0;61.0;0
1888;42.0;28.0;687.0;61.49;0
1889;42.0;28.0;702.0;62.95;0
1890;42.0;28.0;680.0;61.49;0
1891;42.0;28.0;705.0;61.0;0
1892;42.0;28.0;675.0;59.54;0
1893;42.0;28.0;709.0;62.46;0
1894;42.0;28.0;672.0;59.05;0
1895;42.0;28.0;712.0;61.0;0
1896;42.0;28.0;668.0;61.98;0
1897;42.0;28.0;712.0;61.49;0
1898;42.0;28.0;667.0;60.51;0
1899;42.0;28.0;712.0;61.98;0
1900;42.0;28.0;668.0;61.98;0
1901;42.0;28.0;710.0;62.46;0
1902;42.0;28.0;670.0;61.98;0
1903;42.0;28.0;708.0;61.49;0
1904;42.0;28.0;674.0;61.49;0
1905;42.0;28.0;704.0;61.49;0
1906;42.0;28.0;680.0;62.46;0
1907;42.0;28.0;699.0;61.0;0
1908;42.0;28.0;686.0;61.98;0
1909;42.0;28.0;695.0;61.0;0
1910;42.0;28.0;691.0;62.95;0
1911;42.0;28.0;689.0;61.98;0
1912;42.0;28.0;698.0;61.98;0
1913;42.0;28.0;684.0;60.51;0
1914;42.0;28.0;703.0;62.95;0
1915;42.0;28.0;678.0;61.49;0
1916;42.0;28.0;707.0;62.95;0
1917;42.0;28.0;674.0;60.02;0
1918;42.0;28.0;710.0;61.0;0
1919;42.0;28.0;671.0;59.05;0
1920;42.0;28.0;712.0;62.95;0
1921;42.0;28.0;668.0;61.0;0
1922;42.0;28.0;712.0;61.0;0
1923;42.0;28.0;667.0;60.51;0
1924;42.0;28.0;712.0;61.98;0
1925;42.0;28.0;668.0;61.0;0
1926;42.0;28.0;710.0;60.51;0
1927;43.0;28.0;713.0;42.94;0
1928;43.0;28.0;708.0;37.09;0
1929;43.0;28.0;676.0;36.11;0
1930;43.0;28.0;711.0;35.62;0
1931;43.0;28.0;671.0;35.62;0
1932;43.0;28.0;711.0;34.16;0
1933;43.0;28.0;668.0;35.14;0
1934;43.0;28.0;713.0;35.14;0
1935;43.0;28.0;669.0;34.65;0
1936;43.0;28.0;712.0;36.11;0
1937;43.0;28.0;668.0;34.65;0
1938;43.0;28.0;710.0;35.14;0
1939;43.0;28.0;672.0;36.6;0
1940;43.0;28.0;707.0;36.11;0
1941;43.0;28.0;676.0;34.16;0
1942;43.0;28.0;703.0;35.14;0
1943;43.0;28.0;682.0;35.14;0
1944;43.0;28.0;699.0;36.6;0
1945;43.0;28.0;688.0;35.62;0
1946;43.0;28.0;693.0;36.6;0
1947;43.0;28.0;694.0;36.11;0
1948;43.0;28.0;687.0;36.11;0
1949;43.0;28.0;700.0;35.14;0
1950;43.0;28.0;682.0;36.11;0
1951;43.0;28.0;705.0;35.14;0
1952;43.0;28.0;677.0;35.62;0
1953;43.0;28.0;709.0;34.65;0
1954;43.0;28.0;673.0;36.11;0
1955;43.0;28.0;712.0;35.62;0
1956;43.0;28.0;671.0;35.62;0
1957;43.0;28.0;713.0;34.65;0
1958;43.0;28.0;668.0;35.14;0
1959;43.0;28.0;713.0;35.62;0
1960;43.0;28.0;668.0;35.14;0
1961;43.0;28.0;712.0;34.65;0
1962;43.0;28.0;669.0;34.65;0
1963;43.0;28.0;708.0;35.14;0
1964;43.0;28.0;673.0;36.11;0
1965;43.0;28.0;705.0;35.14;0
1966;43.0;28.0;678.0;35.14;0
1967;43.0;28.0;701.0;35.62;0
1968;43.0;28.0;684.0;34.16;0
1969;43.0;28.0;697.0;36.11;0
1970;43.0;28.0;692.0;35.62;0
1971;43.0;28.0;691.0;36.11;0
1972;43.0;28.0;696.0;34.16;0
1973;43.0;28.0;686.0;34.65;0
1974;43.0;28.0;702.0;34.65;0
1975;43.0;28.0;681.0;35.14;0
1976;43.0;28.0;707.0;35.14;0
1977;43.0;28.0;675.0;35.62;0
1978;43.0;28.0;709.0;35.14;0
1979;43.0;28.0;671.0;36.11;0
1980;43.0;28.0;712.0;34.16;0
1981;43.0;28.0;668.0;35.14;0
1982;43.0;28.0;712.0;34.65;0
1983;43.0;28.0;667.0;35.14;0
1984;43.0;28.0;712.0;34.65;0
1985;43.0;28.0;668.0;36.11;0
1986;43.0;28.0;709.0;34.65;0
1987;43.0;28.0;669.0;34.65;0
1988;43.0;28.0;708.0;34.65;0
1989;43.0;28.0;673.0;35.14;0
1990;43.0;28.0;704.0;35.14;0
1991;43.0;28.0;678.0;35.14;0
1992;43.0;28.0;698.0;35.62;0
1993;43.0;28.0;685.0;34.16;0
1994;43.0;28.0;694.0;36.11;0
1995;43.0;28.0;691.0;34.65;0
1996;43.0;27.9;677.0;33.67;0
1997;43.0;27.9;668.0;34.65;0
1998;43.0;27.9;712.0;33.18;0
1999;43.0;27.9;669.0;37.58;0
2000;43.0;27.9;709.0;31.72;0
2001;43.0;27.9;672.0;32.7;0
2002;43.0;27.9;705.0;31.72;0
2003;43.0;27.9;676.0;31.72;0
2004;43.0;27.9;701.0;32.21;0
2005;43.0;27.9;683.0;32.7;0
2006;43.0;27.9;695.0;32.21;0
2007;43.0;27.9;689.0;32.21;0
2008;43.0;27.9;692.0;31.23;0
2009;43.0;27.9;695.0;31.72;0
2010;43.0;27.9;685.0;31.72;0
2011;43.0;27.9;701.0;32.7;0
2012;43.0;27.9;682.0;32.21;0
2013;43.0;27.9;705.0;32.21;0
2014;43.0;27.9;675.0;32.21;0
2015;43.0;27.9;710.0;35.14;0
2016;43.0;27.9;671.0;32.21;0
2017;43.0;27.9;711.0;32.21;0
2018;43.0;27.9;669.0;32.21;0
2019;43.0;27.9;712.0;32.7;0
2020;43.0;27.9;667.0;31.23;0
2021;43.0;27.9;712.0;31.72;0
2022;43.0;27.9;667.0;32.21;0
2023;43.0;27.9;711.0;32.21;0
2024;43.0;27.9;670.0;32.21;0
2025;43.0;27.9;707.0;31.72;0
2026;43.0;27.9;673.0;32.7;0
2027;43.0;27.9;703.0;31.72;0
2028;43.0;27.9;679.0;32.7;0
2029;43.0;27.9;699.0;32.21;0
2030;43.0;27.9;687.0;32.21;0
2031;43.0;27.9;694.0;35.62;0
2032;43.0;27.9;691.0;31.72;0
2033;43.0;27.9;689.0;32.21;0
2034;43.0;27.9;698.0;32.21;0
2035;43.0;27.9;685.0;31.72;0
2036;43.0;27.9;703.0;32.21;0
2037;43.0;27.9;678.0;32.21;0
2038;43.0;27.9;706.0;31.72;0
2039;43.0;27.9;673.0;31.72;0
2040;43.0;27.9;710.0;31.72;0
2041;43.0;27.9;670.0;31.72;0
2042;43.0;27.9;711.0;32.21;0
2043;43.0;27.9;667.0;32.21;0
2044;43.0;27.9;712.0;32.7;0
2045;43.0;27.9;668.0;31.72;0
2046;43.0;27.9;712.0;31.72;0
2047;43.0;27.9;668.0;34.65;0
2048;43.0;27.9;709.0;32.21;0
2049;43.0;27.9;670.0;31.72;0
2050;43.0;27.9;706.0;32.21;0
2051;43.0;27.9;675.0;32.21;0
2052;43.0;27.9;703.0;31.72;0
2053;43.0;27.9;682.0;32.21;0
2054;43.0;27.9;698.0;32.21;0
2055;43.0;27.9;688.0;32.7;0
2056;43.0;27.9;694.0;32.21;0
2057;43.0;27.9;695.0;31.72;0
2058;43.0;27.9;689.0;32.7;0
2059;43.0;27.9;700.0;32.21;0
2060;43.0;27.9;681.0;32.21;0
2061;43.0;27.9;704.0;32.21;0
2062;43.0;27.9;677.0;31.72;0
2063;43.0;27.9;708.0;34.16;0
2064;43.0;27.9;672.0;31.72;0
2065;43.0;27.9;686.0;37.58;0
2066;43.0;27.9;700.0;34.16;0
2067;43.0;27.9;686.0;34.16;0
2068;43.0;27.9;696.0;34.16;0
2069;43.0;27.9;692.0;32.7;0
2070;43.0;27.9;689.0;32.21;0
2071;43.0;27.9;697.0;32.7;0
2072;43.0;27.9;684.0;32.7;0
2073;43.0;27.9;702.0;32.21;0
2074;43.0;27.9;678.0;34.16;0
2075;43.0;27.9;707.0;32.21;0
2076;43.0;27.9;675.0;32.7;0
2077;43.0;27.9;709.0;32.7;0
2078;43.0;27.9;670.0;32.7;0
2079;43.0;27.9;712.0;32.7;0
2080;43.0;27.9;668.0;32.7;0
2081;43.0;27.9;712.0;32.21;0
2082;43.0;27.9;666.0;32.7;0
2083;43.0;27.9;712.0;32.21;0
2084;43.0;27.9;667.0;33.18;0
2085;43.0;27.9;710.0;32.21;0
2086;43.0;27.9;670.0;32.7;0
2087;43.0;27.9;706.0;33.18;0
2088;43.0;27.9;675.0;32.7;0
2089;43.0;27.9;702.0;33.18;0
2090;43.0;27.9;682.0;32.21;0
2091;43.0;27.9;697.0;33.67;0
2092;43.0;27.9;687.0;32.21;0
2093;43.0;27.9;692.0;33.18;0
2094;43.0;27.9;693.0;32.7;0
2095;43.0;27.9;687.0;32.7;0
2096;43.0;27.9;698.0;32.7;0
2097;43.0;27.9;682.0;32.21;0
2098;43.0;27.9;704.0;32.21;0
2099;43.0;27.9;677.0;33.18;0
2100;43.0;27.9;707.0;32.7;0
2101;43.0;27.9;673.0;32.7;0
2102;43.0;27.9;710.0;32.7;0
2103;43.0;27.9;669.0;32.7;0
2104;43.0;27.9;712.0;31.72;0
2105;43.0;27.9;668.0;32.7;0
2106;43.0;27.9;712.0;32.7;0
2107;43.0;27.9;666.0;32.7;0
2108;43.0;27.9;711.0;32.7;0
2109;43.0;27.9;668.0;32.7;0
2110;43.0;27.9;708.0;32.7;0
2111;43.0;27.9;672.0;32.21;0
2112;43.0;27.9;704.0;32.7;0
2113;43.0;27.9;677.0;32.21;0
2114;43.0;27.9;701.0;33.18;0
2115;43.0;27.9;683.0;32.21;0
2116;43.0;27.9;696.0;32.7;0
2117;43.0;27.9;691.0;33.18;0
2118;43.0;27.9;690.0;33.18;0
2119;43.0;27.9;695.0;32.7;0
2120;43.0;27.9;684.0;32.21;0
2121;43.0;27.9;700.0;32.21;0
2122;43.0;27.9;680.0;33.18;0
2123;43.0;27.9;706.0;32.21;0
2124;43.0;27.9;675.0;33.67;0
2125;43.0;27.9;709.0;33.18;0
2126;43.0;27.9;672.0;33.18;0
2127;43.0;27.9;711.0;32.21;0
2128;43.0;27.9;667.0;32.7;0
2129;43.0;27.9;712.0;32.7;0
2130;43.0;27.9;667.0;32.7;0
2131;43.0;27.9;712.0;33.18;0
2132;43.0;27.9;666.0;32.21;0
2133;43.0;27.9;710.0;33.18;0
2134;44.0;28.0;713.0;42.46;0
2135;44.0;28.0;708.0;38.06;0
2136;44.0;28.0;674.0;34.16;0
2137;44.0;28.0;713.0;36.11;0
2138;44.0;28.0;670.0;35.14;0
2139;44.0;28.0;712.0;35.14;0
2140;44.0;28.0;667.0;34.16;0
2141;44.0;28.0;713.0;34.65;0
2142;44.0;28.0;668.0;34.65;0
2143;44.0;28.0;711.0;35.14;0
2144;44.0;28.0;669.0;34.65;0
2145;44.0;28.0;708.0;34.65;0
2146;44.0;28.0;671.0;33.18;0
2147;44.0;28.0;705.0;34.16;0
2148;44.0;28.0;676.0;34.16;0
2149;44.0;28.0;701.0;35.14;0
2150;44.0;28.0;682.0;34.16;0
2151;44.0;28.0;695.0;35.14;0
2152;44.0;28.0;690.0;35.14;0
2153;44.0;28.0;691.0;33.67;0
2154;44.0;28.0;694.0;34.16;0
2155;44.0;28.0;685.0;33.67;0
2156;44.0;28.0;700.0;35.14;0
2157;44.0;28.0;680.0;34.16;0
2158;44.0;28.0;705.0;35.62;0
2159;44.0;28.0;675.0;33.67;0
2160;44.0;28.0;708.0;35.14;0
2161;44.0;28.0;671.0;33.67;0
2162;44.0;28.0;710.0;35.14;0
2163;44.0;28.0;669.0;34.16;0
2164;44.0;28.0;712.0;36.11;0
2165;44.0;28.0;666.0;33.67;0
2166;44.0;28.0;711.0;35.62;0
2167;44.0;28.0;667.0;33.18;0
2168;44.0;28.0;711.0;34.65;0
2169;44.0;28.0;669.0;35.14;0
2170;44.0;28.0;708.0;35.62;0
2171;44.0;28.0;672.0;33.67;0
2172;44.0;28.0;704.0;34.16;0
2173;44.0;28.0;678.0;35.14;0
2174;44.0;28.0;699.0;35.14;0
2175;44.0;28.0;684.0;33.67;0
2176;44.0;28.0;696.0;33.18;0
2177;44.0;28.0;691.0;35.14;0
2178;44.0;28.0;690.0;33.67;0
2179;44.0;28.0;696.0;34.65;0
2180;44.0;28.0;684.0;34.16;0
2181;44.0;28.0;701.0;36.11;0
2182;44.0;28.0;679.0;33.18;0
2183;44.0;28.0;706.0;35.14;0
2184;44.0;28.0;674.0;34.65;0
2185;44.0;28.0;711.0;35.62;0
2186;44.0;28.0;670.0;33.18;0
2187;44.0;28.0;712.0;35.62;0
2188;44.0;28.0;668.0;33.18;0
2189;44.0;28.0;712.0;34.16;0
2190;44.0;28.0;667.0;34.65;0
2191;44.0;28.0;712.0;35.62;0
2192;44.0;28.0;668.0;34.65;0
2193;44.0;28.0;710.0;33.67;0
2194;44.0;28.0;671.0;35.14;0
2195;44.0;28.0;708.0;34.16;0
2196;44.0;28.0;676.0;34.65;0
2197;44.0;28.0;704.0;35.14;0
2198;44.0;28.0;683.0;33.67;0
2199;44.0;28.0;699.0;34.16;0
2200;44.0;28.0;688.0;36.11;0
2201;44.0;28.0;694.0;34.16;0
2202;44.0;28.0;695.0;34.65;0
2203;43.0;27.9;680.0;37.09;0
2204;43.0;27.9;671.0;34.16;0
2205;43.0;27.9;714.0;33.18;0
2206;43.0;27.9;672.0;33.18;0
2207;43.0;27.9;711.0;31.72;0
2208;43.0;27.9;674.0;31.72;0
2209;43.0;27.9;706.0;32.21;0
2210;43.0;27.9;680.0;31.23;0
2211;43.0;27.9;702.0;32.21;0
2212;43.0;27.9;686.0;32.21;0
2213;43.0;27.9;698.0;31.23;0
2214;43.0;27.9;692.0;31.72;0
2215;43.0;27.9;690.0;32.21;0
2216;43.0;27.9;697.0;32.21;0
2217;43.0;27.9;686.0;31.72;0
2218;43.0;27.9;703.0;34.16;0
2219;43.0;27.9;681.0;31.72;0
2220;43.0;27.9;708.0;31.72;0
2221;43.0;27.9;675.0;32.7;0
2222;43.0;27.9;710.0;31.72;0
2223;43.0;27.9;672.0;31.23;0
2224;43.0;27.9;712.0;32.7;0
2225;43.0;27.9;669.0;32.21;0
2226;43.0;27.9;713.0;31.72;0
2227;43.0;27.9;668.0;31.72;0
2228;43.0;27.9;713.0;32.21;0
2229;43.0;27.9;670.0;31.72;0
2230;43.0;27.9;711.0;32.21;0
2231;43.0;27.9;671.0;31.72;0
2232;43.0;27.9;709.0;32.21;0
2233;43.0;27.9;675.0;32.21;0
2234;43.0;27.9;704.0;34.16;0
2235;43.0;27.9;680.0;31.72;0
2236;43.0;27.9;698.0;31.72;0
2237;43.0;27.9;687.0;32.21;0
2238;43.0;27.9;695.0;32.21;0
2239;43.0;27.9;693.0;32.21;0
2240;43.0;27.9;689.0;31.72;0
2241;43.0;27.9;699.0;32.21;0
2242;43.0;27.9;684.0;32.21;0
2243;43.0;27.9;704.0;32.21;0
2244;43.0;27.9;678.0;31.72;0
2245;43.0;27.9;708.0;31.72;0
2246;43.0;27.9;674.0;32.21;0
2247;43.0;27.9;711.0;32.21;0
2248;43.0;27.9;671.0;31.72;0
2249;43.0;27.9;713.0;32.7;0
2250;43.0;27.9;669.0;34.16;0
2251;43.0;27.9;713.0;31.72;0
2252;43.0;27.9;668.0;31.72;0
2253;43.0;27.9;712.0;31.23;0
2254;43.0;27.9;669.0;31.72;0
2255;43.0;27.9;709.0;31.72;0
2256;43.0;27.9;672.0;31.72;0
2257;43.0;27.9;706.0;32.21;0
2258;43.0;27.9;676.0;31.72;0
2259;43.0;27.9;703.0;31.72;0
2260;43.0;27.9;683.0;32.21;0
2261;43.0;27.9;698.0;31.72;0
2262;43.0;27.9;690.0;32.21;0
2263;43.0;27.9;693.0;31.72;0
2264;43.0;27.9;696.0;32.21;0
2265;43.0;27.9;687.0;31.72;0
2266;43.0;27.9;700.0;33.67;0
2267;43.0;27.9;684.0;31.72;0
2268;43.0;27.9;706.0;32.21;0
2269;43.0;27.9;676.0;31.23;0
2270;43.0;27.9;709.0;32.21;0
2271;43.0;27.9;672.0;32.21;0
2272;43.0;27.9;686.0;33.18;0
2273;43.0;27.9;701.0;35.14;0
2274;43.0;27.9;687.0;33.18;0
2275;43.0;27.9;696.0;33.18;0
2276;43.0;27.9;695.0;32.7;0
2277;43.0;27.9;690.0;32.21;0
2278;43.0;27.9;699.0;31.72;0
2279;43.0;27.9;684.0;32.21;0
2280;43.0;27.9;704.0;32.21;0
2281;43.0;27.9;679.0;33.18;0
2282;43.0;27.9;707.0;32.21;0
2283;43.0;27.9;675.0;32.7;0
2284;43.0;27.9;711.0;33.18;0
2285;43.0;27.9;670.0;33.18;0
2286;43.0;27.9;714.0;32.21;0
2287;43.0;27.9;667.0;32.7;0
2288;43.0;27.9;713.0;32.21;0
2289;43.0;27.9;667.0;32.21;0
2290;43.0;27.9;711.0;32.21;0
2291;43.0;27.9;669.0;33.18;0
2292;43.0;27.9;710.0;31.72;0
2293;43.0;27.9;672.0;32.7;0
2294;43.0;27.9;707.0;32.21;0
2295;43.0;27.9;677.0;32.7;0
2296;43.0;27.9;702.0;32.21;0
2297;43.0;27.9;683.0;32.21;0
2298;43.0;27.9;697.0;33.18;0
2299;43.0;27.9;688.0;32.7;0
2300;43.0;27.9;691.0;32.7;0
2301;43.0;27.9;696.0;31.72;0
2302;43.0;27.9;687.0;32.21;0
2303;43.0;27.9;700.0;32.21;0
2304;43.0;27.9;682.0;33.67;0
2305;43.0;27.9;706.0;31.72;0
2306;43.0;27.9;676.0;32.7;0
2307;43.0;27.9;708.0;31.72;0
2308;43.0;27.9;672.0;31.72;0
2309;43.0;27.9;713.0;32.21;0
2310;43.0;27.9;669.0;32.21;0
2311;43.0;27.9;712.0;31.72;0
2312;43.0;27.9;668.0;31.72;0
2313;43.0;27.9;712.0;32.21;0
2314;43.0;27.9;668.0;32.21;0
2315;43.0;27.9;711.0;32.7;0
2316;43.0;27.9;669.0;31.72;0
2317;43.0;27.9;708.0;31.72;0
2318;43.0;27.9;674.0;32.7;0
2319;43.0;27.9;704.0;32.21;0
2320;43.0;27.9;679.0;33.18;0
2321;43.0;27.9;700.0;32.7;0
2322;43.0;27.9;686.0;32.21;0
2323;43.0;27.9;696.0;32.21;0
2324;43.0;27.9;692.0;33.18;0
2325;43.0;27.9;690.0;31.72;0
2326;43.0;27.9;699.0;32.21;0
2327;43.0;27.9;684.0;33.18;0
2328;43.0;27.9;704.0;31.72;0
2329;43.0;27.9;679.0;32.7;0
2330;43.0;27.9;707.0;32.7;0
2331;43.0;27.9;674.0;32.21;0
2332;43.0;27.9;710.0;32.21;0
2333;43.0;27.9;670.0;32.21;0
2334;43.0;27.9;713.0;31.72;0
2335;43.0;27.9;669.0;31.72;0
2336;43.0;27.9;712.0;32.7;0
2337;43.0;27.9;668.0;32.21;0
2338;43.0;27.9;712.0;31.72;0
2339;43.0;27.9;670.0;32.21;0
2340;43.0;27.9;710.0;32.7;0
2341;43.0;27.9;714.0;43.43;0
2342;43.0;27.9;708.0;37.09;0
2343;43.0;27.9;677.0;36.6;0
2344;43.0;27.9;710.0;36.11;0
2345;43.0;27.9;673.0;35.62;0
2346;43.0;27.9;712.0;34.65;0
2347;43.0;27.9;669.0;35.14;0
2348;43.0;27.9;714.0;34.16;0
2349;43.0;27.9;667.0;34.65;0
2350;43.0;27.9;712.0;35.62;0
2351;43.0;27.9;668.0;35.14;0
2352;43.0;27.9;712.0;33.67;0
2353;43.0;27.9;670.0;36.11;0
2354;43.0;27.9;708.0;34.65;0
2355;43.0;27.9;674.0;35.62;0
2356;43.0;27.9;704.0;35.14;0
2357;43.0;27.9;681.0;34.65;0
2358;43.0;27.9;699.0;35.14;0
2359;43.0;27.9;687.0;34.16;0
2360;43.0;27.9;694.0;35.14;0
2361;43.0;27.9;693.0;34.65;0
2362;43.0;27.9;689.0;35.62;0
2363;43.0;27.9;699.0;34.16;0
2364;43.0;27.9;682.0;35.14;0
2365;43.0;27.9;705.0;34.65;0
2366;43.0;27.9;679.0;35.62;0
2367;43.0;27.9;707.0;34.65;0
2368;43.0;27.9;673.0;35.62;0
2369;43.0;27.9;711.0;35.14;0
2370;43.0;27.9;669.0;35.14;0
2371;43.0;27.9;712.0;33.67;0
2372;43.0;27.9;668.0;34.65;0
2373;43.0;27.9;714.0;34.16;0
2374;43.0;27.9;667.0;34.65;0
2375;43.0;27.9;711.0;35.14;0
2376;43.0;27.9;669.0;34.65;0
2377;43.0;27.9;709.0;34.16;0
2378;43.0;27.9;672.0;35.62;0
2379;43.0;27.9;705.0;34.65;0
2380;43.0;27.9;678.0;35.62;0
2381;43.0;27.9;701.0;36.11;0
2382;43.0;27.9;683.0;35.14;0
2383;43.0;27.9;696.0;35.14;0
2384;43.0;27.9;690.0;34.16;0
2385;43.0;27.9;692.0;34.65;0
2386;43.0;27.9;697.0;34.16;0
2387;43.0;27.9;685.0;34.65;0
2388;43.0;27.9;701.0;35.14;0
2389;43.0;27.9;680.0;34.65;0
2390;43.0;27.9;706.0;34.65;0
2391;43.0;27.9;675.0;35.62;0
2392;43.0;27.9;709.0;35.14;0
2393;43.0;27.9;671.0;35.14;0
2394;43.0;27.9;712.0;33.67;0
2395;43.0;27.9;669.0;34.16;0
2396;43.0;27.9;713.0;35.14;0
2397;43.0;27.9;668.0;34.65;0
2398;43.0;27.9;712.0;34.65;0
2399;43.0;27.9;668.0;34.16;0
2400;43.0;27.9;710.0;33.67;0
2401;43.0;27.9;670.0;34.16;0
2402;43.0;27.9;708.0;34.65;0
2403;43.0;27.9;675.0;36.11;0
2404;43.0;27.9;703.0;35.62;0
2405;43.0;27.9;681.0;35.14;0
2406;43.0;27.9;698.0;35.62;0
2407;43.0;27.9;688.0;34.65;0
2408;43.0;27.9;693.0;36.11;0
2409;43.0;27.9;694.0;35.14;0
2410;44.0;27.9;683.0;37.58;0
2411;44.0;27.9;670.0;34.65;0
2412;44.0;27.9;711.0;33.18;0
2413;44.0;27.9;673.0;33.18;0
2414;44.0;27.9;707.0;32.7;0
2415;44.0;27.9;677.0;32.7;0
2416;44.0;27.9;702.0;33.67;0
2417;44.0;27.9;682.0;32.21;0
2418;44.0;27.9;699.0;32.7;0
2419;44.0;27.9;689.0;31.72;0
2420;44.0;27.9;692.0;32.7;0
2421;44.0;27.9;695.0;32.7;0
2422;44.0;27.9;686.0;32.7;0
2423;44.0;27.9;700.0;31.72;0
2424;44.0;27.9;681.0;32.21;0
2425;44.0;27.9;705.0;31.72;0
2426;44.0;27.9;675.0;33.18;0
2427;44.0;27.9;709.0;32.21;0
2428;44.0;27.9;672.0;31.72;0
2429;44.0;27.9;712.0;32.21;0
2430;44.0;27.9;670.0;32.7;0
2431;44.0;27.9;713.0;31.72;0
2432;44.0;27.9;667.0;32.21;0
2433;44.0;27.9;712.0;32.7;0
2434;44.0;27.9;668.0;32.21;0
2435;44.0;27.9;711.0;32.21;0
2436;44.0;27.9;670.0;32.7;0
2437;44.0;27.9;708.0;32.21;0
2438;44.0;27.9;675.0;32.21;0
2439;44.0;27.9;705.0;32.7;0
2440;44.0;27.9;680.0;32.7;0
2441;44.0;27.9;700.0;31.72;0
2442;44.0;27.9;686.0;32.21;0
2443;44.0;27.9;695.0;33.18;0
2444;44.0;27.9;692.0;32.21;0
2445;44.0;27.9;689.0;32.21;0
2446;44.0;27.9;698.0;33.18;0
2447;44.0;27.9;683.0;32.7;0
2448;44.0;27.9;704.0;31.72;0
2449;44.0;27.9;677.0;32.7;0
2450;44.0;27.9;708.0;32.21;0
2451;44.0;27.9;674.0;32.7;0
2452;44.0;27.9;711.0;31.72;0
2453;44.0;27.9;671.0;32.7;0
2454;44.0;27.9;712.0;32.21;0
2455;44.0;27.9;669.0;32.21;0
2456;44.0;27.9;713.0;31.72;0
2457;44.0;27.9;667.0;32.21;0
2458;44.0;27.9;712.0;31.23;0
2459;44.0;27.9;669.0;31.72;0
2460;44.0;27.9;709.0;31.72;0
2461;44.0;27.9;674.0;32.7;0
2462;44.0;27.9;705.0;32.21;0
2463;44.0;27.9;678.0;32.21;0
2464;44.0;27.9;700.0;32.21;0
2465;44.0;27.9;684.0;32.21;0
2466;44.0;27.9;695.0;33.18;0
2467;44.0;27.9;690.0;32.21;0
2468;44.0;27.9;691.0;32.7;0
2469;44.0;27.9;696.0;32.21;0
2470;44.0;27.9;685.0;33.18;0
2471;44.0;27.9;702.0;32.21;0
2472;44.0;27.9;679.0;32.7;0
2473;44.0;27.9;707.0;32.21;0
2474;44.0;27.9;674.0;32.7;0
2475;44.0;27.9;711.0;31.72;0
2476;44.0;27.9;670.0;32.21;0
2477;44.0;27.9;713.0;32.7;0
2478;44.0;27.9;667.0;32.7;0
2479;43.0;27.9;679.0;32.7;0
2480;43.0;27.9;692.0;38.06;0
2481;43.0;27.9;696.0;34.65;0
2482;43.0;27.9;687.0;43.43;0
2483;43.0;27.9;701.0;34.16;0
2484;43.0;27.9;682.0;35.62;0
2485;43.0;27.9;705.0;34.16;0
2486;43.0;27.9;676.0;34.65;0
2487;43.0;27.9;709.0;33.67;0
2488;43.0;27.9;674.0;35.62;0
2489;43.0;27.9;712.0;34.65;0
2490;43.0;27.9;668.0;34.65;0
2491;43.0;27.9;713.0;33.67;0
2492;43.0;27.9;668.0;34.65;0
2493;43.0;27.9;712.0;35.14;0
2494;43.0;27.9;668.0;36.11;0
2495;43.0;27.9;710.0;35.14;0
2496;43.0;27.9;670.0;34.16;0
2497;43.0;27.9;707.0;35.14;0
2498;43.0;27.9;674.0;43.92;0
2499;43.0;27.9;704.0;33.67;0
2500;43.0;27.9;681.0;33.67;0
2501;43.0;27.9;698.0;35.14;0
2502;43.0;27.9;688.0;34.16;0
2503;43.0;27.9;694.0;35.62;0
2504;43.0;27.9;695.0;34.65;0
2505;43.0;27.9;688.0;34.65;0
2506;43.0;27.9;700.0;34.16;0
2507;43.0;27.9;682.0;35.62;0
2508;43.0;27.9;704.0;33.67;0
2509;43.0;27.9;676.0;34.65;0
2510;43.0;27.9;708.0;33.67;0
2511;43.0;27.9;673.0;35.62;0
2512;43.0;27.9;711.0;34.65;0
2513;43.0;27.9;670.0;35.62;0
2514;43.0;27.9;713.0;43.43;0
2515;43.0;27.9;668.0;34.65;0
2516;43.0;27.9;712.0;34.16;0
2517;43.0;27.9;669.0;35.14;0
2518;43.0;27.9;712.0;33.18;0
2519;43.0;27.9;671.0;34.16;0
2520;43.0;27.9;709.0;33.67;0
2521;43.0;27.9;673.0;34.16;0
2522;43.0;27.9;704.0;35.14;0
2523;43.0;27.9;680.0;35.14;0
2524;43.0;27.9;701.0;35.14;0
2525;43.0;27.9;685.0;34.16;0
2526;43.0;27.9;695.0;34.65;0
2527;43.0;27.9;692.0;35.62;0
2528;43.0;27.9;689.0;34.16;0
2529;43.0;27.9;697.0;35.14;0
2530;43.0;27.9;683.0;43.43;0
2531;43.0;27.9;703.0;34.16;0
2532;43.0;27.9;677.0;34.65;0
2533;43.0;27.9;707.0;34.16;0
2534;43.0;27.9;673.0;35.14;0
2535;43.0;27.9;711.0;34.65;0
2536;43.0;27.9;670.0;34.16;0
2537;43.0;27.9;712.0;34.65;0
2538;43.0;27.9;667.0;34.65;0
2539;43.0;27.9;712.0;34.16;0
2540;43.0;27.9;668.0;34.65;0
2541;43.0;27.9;711.0;33.67;0
2542;43.0;27.9;670.0;35.62;0
2543;43.0;27.9;709.0;34.65;0
2544;43.0;27.9;672.0;34.16;0
2545;43.0;27.9;705.0;33.18;0
2546;43.0;27.9;678.0;41.97;0
2547;43.0;27.9;702.0;34.16;0
2548;43.0;27.9;712.0;40.5;0
2549;43.0;27.9;713.0;62.46;0
2550;43.0;27.9;669.0;61.98;0
2551;43.0;27.9;713.0;61.0;0
2552;43.0;27.9;668.0;58.56;0
2553;43.0;27.9;712.0;61.98;0
2554;43.0;27.9;668.0;61.0;0
2555;43.0;27.9;710.0;61.49;0
2556;43.0;27.9;672.0;60.02;0
2557;43.0;27.9;705.0;60.51;0
2558;43.0;27.9;676.0;59.54;0
2559;43.0;27.9;702.0;60.51;0
2560;43.0;27.9;683.0;61.98;0
2561;43.0;27.9;697.0;60.51;0
2562;43.0;27.9;691.0;61.98;0
2563;43.0;27.9;693.0;60.02;0
2564;43.0;27.9;696.0;60.51;0
2565;43.0;27.9;685.0;61.0;0
2566;43.0;27.9;701.0;61.98;0
2567;43.0;27.9;682.0;61.0;0
2568;43.0;27.9;706.0;61.0;0
2569;43.0;27.9;675.0;60.51;0
2570;43.0;27.9;710.0;61.0;0
2571;43.0;27.9;672.0;59.05;0
2572;43.0;27.9;712.0;60.51;0
2573;43.0;27.9;668.0;61.0;0
2574;43.0;27.9;713.0;60.02;0
2575;43.0;27.9;667.0;61.0;0
2576;43.0;27.9;712.0;59.54;0
2577;43.0;27.9;669.0;61.0;0
2578;43.0;27.9;710.0;60.02;0
2579;43.0;27.9;671.0;60.02;0
2580;43.0;27.9;708.0;61.49;0
2581;43.0;27.9;676.0;60.02;0
2582;43.0;27.9;702.0;60.51;0
2583;43.0;27.9;682.0;60.02;0
2584;43.0;27.9;697.0;60.02;0
2585;43.0;27.9;689.0;60.51;0
2586;43.0;27.9;693.0;60.51;0
2587;43.0;27.9;695.0;61.98;0
2588;43.0;27.9;686.0;61.0;0
2589;43.0;27.9;701.0;61.49;0
2590;43.0;27.9;681.0;60.02;0
2591;43.0;27.9;706.0;61.0;0
2592;43.0;27.9;676.0;59.54;0
2593;43.0;27.9;711.0;60.51;0
2594;43.0;27.9;671.0;60.02;0
2595;43.0;27.9;712.0;59.54;0
2596;43.0;27.9;669.0;59.05;0
2597;43.0;27.9;713.0;60.51;0
2598;43.0;27.9;668.0;61.49;0
2599;43.0;27.9;712.0;61.0;0
2600;43.0;27.9;669.0;61.49;0
2601;43.0;27.9;710.0;59.54;0
2602;43.0;27.9;671.0;61.49;0
2603;43.0;27.9;707.0;60.51;0
2604;43.0;27.9;675.0;60.51;0
2605;43.0;27.9;704.0;59.54;0
2606;43.0;27.9;681.0;61.49;0
2607;43.0;27.9;698.0;61.49;0
2608;43.0;27.9;688.0;61.49;0
2609;43.0;27.9;692.0;59.54;0
2610;43.0;27.9;695.0;60.02;0
2611;43.0;27.9;687.0;60.02;0
2612;43.0;27.9;701.0;61.49;0
2613;43.0;27.9;682.0;60.02;0
2614;43.0;27.9;704.0;61.49;0
2615;43.0;27.9;678.0;59.05;0
2616;43.0;27.9;709.0;61.49;0
2617;42.0;27.9;700.0;39.53;0
2618;42.0;27.9;683.0;36.6;0
2619;42.0;27.9;699.0;34.65;0
2620;42.0;27.9;689.0;36.11;0
2621;42.0;27.9;694.0;33.18;0
2622;42.0;27.9;695.0;34.65;0
2623;42.0;27.9;686.0;32.7;0
2624;42.0;27.9;700.0;34.16;0
2625;42.0;27.9;681.0;33.67;0
2626;42.0;27.9;706.0;34.65;0
2627;42.0;27.9;677.0;34.16;0
2628;42.0;27.9;709.0;34.65;0
2629;42.0;27.9;671.0;32.7;0
2630;42.0;27.9;712.0;43.92;0
2631;42.0;27.9;669.0;34.65;0
2632;42.0;27.9;712.0;33.18;0
2633;42.0;27.9;667.0;33.18;0
2634;42.0;27.9;712.0;34.16;0
2635;42.0;27.9;668.0;34.16;0
2636;42.0;27.9;710.0;35.14;0
2637;42.0;27.9;671.0;34.16;0
2638;42.0;27.9;707.0;34.16;0
2639;42.0;27.9;675.0;33.18;0
2640;42.0;27.9;703.0;33.18;0
2641;42.0;27.9;681.0;35.14;0
2642;42.0;27.9;697.0;32.21;0
2643;42.0;27.9;688.0;34.16;0
2644;42.0;27.9;693.0;33.18;0
2645;42.0;27.9;694.0;34.16;0
2646;42.0;27.9;688.0;42.46;0
2647;42.0;27.9;699.0;33.67;0
2648;42.0;27.9;681.0;33.18;0
2649;42.0;27.9;705.0;34.16;0
2650;42.0;27.9;676.0;33.18;0
2651;42.0;27.9;710.0;34.65;0
2652;42.0;27.9;672.0;33.18;0
2653;42.0;27.9;711.0;35.14;0
2654;42.0;27.9;668.0;33.18;0
2655;42.0;27.9;714.0;34.65;0
2656;42.0;27.9;667.0;35.14;0
2657;42.0;27.9;712.0;33.18;0
2658;42.0;27.9;667.0;33.67;0
2659;42.0;27.9;710.0;34.16;0
2660;42.0;27.9;670.0;33.18;0
2661;42.0;27.9;708.0;34.16;0
2662;42.0;27.9;674.0;42.94;0
2663;42.0;27.9;703.0;34.16;0
2664;42.0;27.9;680.0;35.14;0
2665;42.0;27.9;699.0;33.18;0
2666;42.0;27.9;686.0;34.65;0
2667;42.0;27.9;693.0;33.18;0
2668;42.0;27.9;694.0;35.14;0
2669;42.0;27.9;688.0;33.18;0
2670;42.0;27.9;699.0;36.11;0
2671;42.0;27.9;681.0;33.18;0
2672;42.0;27.9;704.0;35.14;0
2673;42.0;27.9;675.0;32.7;0
2674;42.0;27.9;708.0;34.65;0
2675;42.0;27.9;672.0;34.16;0
2676;42.0;27.9;711.0;33.67;0
2677;42.0;27.9;668.0;33.67;0
2678;42.0;27.9;712.0;41.48;0
2679;42.0;27.9;667.0;34.16;0
2680;42.0;27.9;712.0;33.18;0
2681;42.0;27.9;667.0;34.16;0
2682;42.0;27.9;711.0;34.65;0
2683;42.0;27.9;669.0;34.16;0
2684;42.0;27.9;709.0;33.18;0
2685;42.0;27.9;675.0;34.65;0
2686;42.0;27.9;667.0;32.21;0
2687;42.0;27.9;672.0;61.49;0
2688;42.0;27.9;712.0;61.49;0
2689;42.0;27.9;668.0;61.49;0
2690;42.0;27.9;713.0;61.49;0
2691;42.0;27.9;667.0;58.56;0
2692;42.0;27.9;712.0;61.49;0
2693;42.0;27.9;667.0;60.51;0
2694;42.0;27.9;709.0;61.0;0
2695;42.0;27.9;670.0;59.54;0
2696;42.0;27.9;706.0;61.0;0
2697;42.0;27.9;675.0;60.02;0
2698;42.0;27.9;702.0;61.0;0
2699;42.0;27.9;680.0;61.98;0
2700;42.0;27.9;698.0;61.0;0
2701;42.0;27.9;687.0;59.54;0
2702;42.0;27.9;692.0;60.02;0
2703;42.0;27.9;695.0;61.0;0
2704;42.0;27.9;686.0;61.49;0
2705;42.0;27.9;699.0;61.0;0
2706;42.0;27.9;681.0;59.54;0
2707;42.0;27.9;704.0;60.02;0
2708;42.0;27.9;677.0;59.54;0
2709;42.0;27.9;708.0;61.0;0
2710;42.0;27.9;672.0;59.54;0
2711;42.0;27.9;711.0;61.49;0
2712;42.0;27.9;668.0;59.54;0
2713;42.0;27.9;712.0;61.98;0
2714;42.0;27.9;666.0;60.51;0
2715;42.0;27.9;713.0;61.49;0
2716;42.0;27.9;667.0;61.0;0
2717;42.0;27.9;710.0;59.54;0
2718;42.0;27.9;670.0;61.49;0
2719;42.0;27.9;707.0;61.49;0
2720;42.0;27.9;674.0;59.54;0
2721;42.0;27.9;703.0;61.0;0
2722;42.0;27.9;679.0;59.54;0
2723;42.0;27.9;697.0;60.51;0
2724;42.0;27.9;686.0;61.0;0
2725;42.0;27.9;692.0;60.02;0
2726;42.0;27.9;692.0;60.51;0
2727;42.0;27.9;687.0;60.51;0
2728;42.0;27.9;698.0;61.49;0
2729;42.0;27.9;682.0;60.02;0
2730;42.0;27.9;703.0;60.51;0
2731;42.0;27.9;676.0;61.0;0
2732;42.0;27.9;708.0;61.0;0
2733;42.0;27.9;672.0;58.56;0
2734;42.0;27.9;711.0;60.51;0
2735;42.0;27.9;669.0;60.51;0
2736;42.0;27.9;711.0;61.49;0
2737;42.0;27.9;666.0;59.54;0
2738;42.0;27.9;712.0;61.98;0
2739;42.0;27.9;666.0;61.0;0
2740;42.0;27.9;709.0;61.0;0
2741;42.0;27.9;669.0;60.51;0
2742;42.0;27.9;706.0;60.02;0
2743;42.0;27.9;673.0;59.54;0
2744;42.0;27.9;703.0;61.49;0
2745;42.0;27.9;680.0;61.98;0
2746;42.0;27.9;698.0;59.54;0
2747;42.0;27.9;686.0;61.98;0
2748;42.0;27.9;692.0;59.54;0
2749;42.0;27.9;692.0;60.51;0
2750;42.0;27.9;687.0;59.05;0
2751;42.0;27.9;698.0;61.98;0
2752;42.0;27.9;682.0;61.49;0
2753;42.0;27.9;703.0;60.02;0
2754;42.0;27.9;675.0;58.56;0
2755;42.0;27.9;688.0;32.21;0
2756;42.0;27.9;704.0;36.11;0
2757;42.0;27.9;681.0;34.65;0
2758;42.0;27.9;697.0;34.16;0
2759;42.0;27.9;688.0;34.65;0
2760;42.0;27.9;692.0;33.67;0
2761;42.0;27.9;692.0;35.14;0
2762;42.0;27.9;687.0;33.67;0
2763;42.0;27.9;698.0;33.67;0
2764;42.0;27.9;683.0;32.7;0
2765;42.0;27.9;705.0;33.67;0
2766;42.0;27.9;677.0;33.18;0
2767;42.0;27.9;707.0;34.65;0
2768;42.0;27.9;671.0;32.21;0
2769;42.0;27.9;710.0;34.16;0
2770;42.0;27.9;667.0;34.65;0
2771;42.0;27.9;711.0;33.67;0
2772;42.0;27.9;667.0;33.67;0
2773;42.0;27.9;711.0;34.16;0
2774;42.0;27.9;667.0;34.16;0
2775;42.0;27.9;709.0;32.7;0
2776;42.0;27.9;670.0;32.7;0
2777;42.0;27.9;706.0;34.16;0
2778;42.0;27.9;673.0;33.67;0
2779;42.0;27.9;703.0;33.67;0
2780;42.0;27.9;679.0;34.16;0
2781;42.0;27.9;698.0;34.16;0
2782;42.0;27.9;686.0;34.65;0
2783;42.0;27.9;692.0;33.18;0
2784;42.0;27.9;693.0;34.65;0
2785;42.0;27.9;686.0;33.18;0
